Time,Operator,Technology,SS-RSRP,SS-RSRQ,IP Thrpt UL,Network Thrpt UL,Lat,Long,PCI,Speed o.g.
39:43.5,SGP-M1,5G-NR,-90.9,-12.4,0,0.003,1.299879,103.781448,695,8
39:44.0,SGP-M1,5G-NR,-91.2,-12.4,29.905,3.322,1.299879,103.781448,695,8
39:44.0,SGP-M1,5G-NR,-91.2,-12.4,29.905,0.817,1.299909,103.781454,695,9
39:44.1,SGP-M1,5G-NR,-91.2,-12.4,29.905,5.61,1.299909,103.781454,695,9
39:44.1,SGP-M1,5G-NR,-91.2,-12.4,29.905,2.451,1.299909,103.781454,695,9
39:44.5,SGP-M1,5G-NR,-89.6,-12.9,29.892,24.845,1.299909,103.781454,695,9
39:45.0,SGP-M1,5G-NR,-88.7,-12.4,29.923,30.782,1.299925,103.78146,695,9
39:45.5,SGP-M1,5G-NR,-88.7,-12.4,29.878,30.751,1.299954,103.781478,695,9
39:46.0,SGP-M1,5G-NR,-86.2,-11.6,29.887,30.347,1.299954,103.781478,695,9
39:46.6,SGP-M1,5G-NR,-89.9,-12.7,29.907,29.716,1.299968,103.78149,695,11
39:47.1,SGP-M1,5G-NR,-91.6,-14.1,30.722,30.868,1.299993,103.781515,695,10
39:47.6,SGP-M1,5G-NR,-96.2,-15.6,30.072,31.473,1.30003,103.781513,695,9
39:48.0,SGP-M1,5G-NR,-91.7,-13,29.609,30.189,1.300066,103.78151,695,9
39:49.0,SGP-M1,5G-NR,-93.4,-12.2,29.977,29.934,1.300066,103.78151,695,9
39:49.5,SGP-M1,5G-NR,-89.1,-11.9,29.749,30.537,1.300091,103.781511,695,7
39:50.0,SGP-M1,5G-NR,-90.5,-11.5,29.942,29.789,1.300091,103.781511,695,7
39:50.5,SGP-M1,5G-NR,-89.8,-13.5,29.802,31.024,1.300097,103.781498,695,7
39:51.0,SGP-M1,5G-NR,-88,-12.5,29.901,30.866,1.300115,103.781494,695,7
39:51.6,SGP-M1,5G-NR,-89,-13.9,29.869,29.991,1.300115,103.781494,695,7
39:52.1,SGP-M1,5G-NR,-91.2,-14.1,29.923,29.773,1.300139,103.781484,695,9
39:53.0,SGP-M1,5G-NR,-89.9,-15.9,30.158,31.534,1.300139,103.781484,695,9
39:53.5,SGP-M1,5G-NR,-87.7,-17.9,29.339,28.499,1.300172,103.781472,695,11
39:54.1,SGP-M1,5G-NR,-86.1,-15.9,0.02,4.304,1.300195,103.781459,695,9
39:54.6,SGP-M1,5G-NR,-92.3,-19.1,28.836,23.024,1.300195,103.781459,695,9
39:55.1,SGP-M1,5G-NR,-81.5,-10.9,22.149,22.059,1.300219,103.781448,7,10
39:55.8,SGP-M1,5G-NR,-87.3,-12.4,37.624,37.799,1.300219,103.781448,7,10
39:56.3,SGP-M1,5G-NR,-94,-12.4,26.727,25.396,1.300256,103.781411,7,19
39:57.0,SGP-M1,5G-NR,-93.1,-13.7,19.46,9.69,1.300256,103.781411,7,19
39:57.5,SGP-M1,5G-NR,-96.7,-16.5,8.223,9.69,1.300286,103.781388,7,15
39:57.7,SGP-M1,5G-NR,-93.9,-14,12.604,12.013,1.300305,103.781374,344,16
39:58.2,SGP-M1,5G-NR,-92.2,-13.4,6.602,7.013,1.300323,103.781359,344,18
39:58.9,SGP-M1,5G-NR,-91.8,-13.2,25.375,25.994,1.300323,103.781359,344,18
39:59.5,SGP-M1,5G-NR,-92.7,-13.4,28.524,29.033,1.300357,103.78133,344,17
40:00.0,SGP-M1,5G-NR,-94.8,-14.8,27.758,26.187,1.300357,103.78133,344,17
40:00.5,SGP-M1,5G-NR,-91.1,-12.7,16.868,26.521,1.300383,103.78131,344,11
40:01.0,SGP-M1,5G-NR,-92.4,-13.1,21.371,21.646,1.300383,103.78131,344,11
40:01.5,SGP-M1,5G-NR,-91.4,-12.7,20.929,21.646,1.300396,103.78129,344,6
40:02.0,SGP-M1,5G-NR,-91,-13,20.987,21.258,1.300396,103.78129,344,6
40:02.5,SGP-M1,5G-NR,-89.5,-11.8,23.046,21.258,1.3004,103.781276,344,6
40:03.0,SGP-M1,5G-NR,-88.3,-11.4,22.461,22.254,1.3004,103.781276,344,6
40:03.5,SGP-M1,5G-NR,-88.8,-11.6,26.449,26.613,1.300407,103.781254,344,8
40:04.0,SGP-M1,5G-NR,-83.7,-11,27.927,26.852,1.300419,103.781231,344,11
40:04.5,SGP-M1,5G-NR,-87.7,-11.5,0.02,8.133,1.300427,103.781217,344,12
40:05.0,SGP-M1,5G-NR,-89.5,-11.9,27.084,25.528,1.300435,103.781202,344,14
40:05.5,SGP-M1,5G-NR,-87.1,-11.5,29.865,28.868,1.300443,103.781185,344,15
40:06.0,SGP-M1,5G-NR,-88.7,-11.4,30.28,31.753,1.300451,103.781167,344,16
40:06.5,SGP-M1,5G-NR,-87.4,-11.6,29.461,30.643,1.300451,103.781167,344,16
40:07.0,SGP-M1,5G-NR,-86.4,-11.3,29.905,29.826,1.30047,103.781126,344,18
40:07.5,SGP-M1,5G-NR,-85.4,-11,29.874,30.383,1.300482,103.781105,344,18
40:08.0,SGP-M1,5G-NR,-87.3,-11.8,29.904,31.102,1.300482,103.781105,344,18
40:08.5,SGP-M1,5G-NR,-86.9,-11.7,29.823,30.56,1.300494,103.781084,344,19
40:09.0,SGP-M1,5G-NR,-85.1,-10.9,29.884,30.537,1.300521,103.781041,344,20
40:09.5,SGP-M1,5G-NR,-85.3,-10.8,29.895,30.493,1.300534,103.781017,344,21
40:10.0,SGP-M1,5G-NR,-84.6,-10.9,29.979,31.159,1.300546,103.780993,344,22
40:10.6,SGP-M1,5G-NR,-83.5,-10.8,29.773,30.65,1.300546,103.780993,344,22
40:11.1,SGP-M1,5G-NR,-82.4,-10.7,29.996,30.899,1.300571,103.780949,344,20
40:11.6,SGP-M1,5G-NR,-81.2,-10.6,29.852,31.032,1.300585,103.780933,344,18
40:12.0,SGP-M1,5G-NR,-78.6,-10.5,29.83,30.536,1.300598,103.780916,344,17
40:13.0,SGP-M1,5G-NR,-83.8,-10.7,29.926,31.06,1.300598,103.780916,344,17
40:13.4,SGP-M1,5G-NR,-81.8,-10.5,29.828,30.962,1.300615,103.780885,344,12
40:14.0,SGP-M1,5G-NR,-81.1,-10.6,29.965,31.106,1.300615,103.780885,344,12
40:14.3,SGP-M1,5G-NR,-82,-10.7,29.965,30.477,1.300624,103.780865,344,10
40:15.0,SGP-M1,5G-NR,-80.2,-10.6,29.8,30.192,1.300624,103.780865,344,10
40:15.1,SGP-M1,5G-NR,-80.6,-10.5,2.898,2.807,1.300636,103.780843,344,9
40:16.0,SGP-M1,5G-NR,-79.5,-10.5,29.827,30.261,1.300636,103.780843,344,9
40:16.5,SGP-M1,5G-NR,-78.5,-10.4,29.899,30.999,1.30065,103.780821,344,10
40:17.0,SGP-M1,5G-NR,-78.2,-10.4,29.829,33.915,1.300657,103.780807,344,11
40:17.5,SGP-M1,5G-NR,-69.9,-10.4,29.942,30.184,1.300663,103.780792,344,12
40:18.0,SGP-M1,5G-NR,-71.7,-10.5,29.902,31.227,1.300678,103.78076,344,14
40:18.5,SGP-M1,5G-NR,-70.4,-10.4,29.846,31.917,1.300687,103.780742,344,14
40:19.0,SGP-M1,5G-NR,-70.8,-10.4,29.879,30.347,1.300695,103.780724,344,15
40:19.6,SGP-M1,5G-NR,-76.6,-10.6,29.888,31.028,1.300695,103.780724,344,15
40:20.1,SGP-M1,5G-NR,-76.6,-10.4,29.865,30.436,1.300708,103.780691,344,13
40:20.6,SGP-M1,5G-NR,-75.6,-10.4,29.981,30.743,1.300716,103.780676,344,13
40:21.1,SGP-M1,5G-NR,-76.5,-10.5,29.809,31.489,1.300723,103.780661,344,13
40:21.5,SGP-M1,5G-NR,-72.4,-10.5,29.85,31.489,1.300732,103.780648,344,12
40:22.0,SGP-M1,5G-NR,-73.4,-10.4,29.979,30.926,1.30074,103.780635,344,11
40:22.5,SGP-M1,5G-NR,-74.2,-10.5,29.819,31.614,1.30074,103.780635,344,11
40:23.0,SGP-M1,5G-NR,-72.6,-10.4,29.87,30.233,1.300756,103.780616,344,9
40:23.5,SGP-M1,5G-NR,-75.3,-10.5,29.914,31.998,1.300756,103.780616,344,9
40:23.9,SGP-M1,5G-NR,-72,-10.4,29.914,32.142,1.300756,103.780616,344,9
40:24.1,SGP-M1,5G-NR,-71.4,-10.4,29.794,31.861,1.30077,103.780598,344,8
40:24.7,SGP-M1,5G-NR,-74.3,-10.6,30.026,30.039,1.30077,103.780598,344,8
40:25.2,SGP-M1,5G-NR,-73.9,-10.4,30.224,27.89,1.300785,103.780581,344,8
40:25.7,SGP-M1,5G-NR,-73.7,-10.7,5.599,8.568,1.3008,103.780575,344,9
40:26.3,SGP-M1,5G-NR,-69,-10.6,29.863,33.494,1.300814,103.780568,344,10
40:27.0,SGP-M1,5G-NR,-74.4,-10.6,29.95,30.589,1.300814,103.780568,344,10
40:27.1,SGP-M1,5G-NR,-71.9,-10.6,29.8,30.377,1.300851,103.780566,344,12
40:27.7,SGP-M1,5G-NR,-71.6,-10.5,29.967,30.115,1.30087,103.780573,344,12
40:28.1,SGP-M1,5G-NR,-69.1,-10.4,29.778,30.652,1.300888,103.780581,344,13
40:28.6,SGP-M1,5G-NR,-74.5,-10.5,30.001,31.595,1.300904,103.780595,344,13
40:29.0,SGP-M1,5G-NR,-73.5,-10.5,28.073,26.044,1.30092,103.78061,344,13
40:29.8,SGP-M1,5G-NR,-80.1,-10.9,31.586,27.666,1.30092,103.78061,344,13
40:30.3,SGP-M1,5G-NR,-79.8,-10.7,29.854,35.228,1.300945,103.780646,344,14
40:30.8,SGP-M1,5G-NR,-82.8,-12,29.946,31.823,1.300955,103.780664,344,13
40:31.3,SGP-M1,5G-NR,-83.5,-11.9,29.852,32.132,1.300965,103.780682,344,13
40:31.5,SGP-M1,5G-NR,-83.8,-12.1,29.893,29.137,1.300973,103.780695,344,11
40:31.9,SGP-M1,5G-NR,-84.2,-11.5,29.893,30.009,1.300973,103.780695,344,11
40:32.4,SGP-M1,5G-NR,-83.2,-11.2,29.87,30.537,1.30098,103.780708,344,9
40:33.0,SGP-M1,5G-NR,-83.3,-11.1,29.889,30.867,1.30098,103.780708,344,9
40:33.5,SGP-M1,5G-NR,-84.1,-11.6,29.918,30.208,1.300991,103.780724,344,5
40:33.9,SGP-M1,5G-NR,-83.4,-11.5,29.918,31.515,1.300991,103.780724,344,5
40:34.4,SGP-M1,5G-NR,-83.8,-11.9,29.755,31.177,1.300998,103.78074,344,5
40:35.0,SGP-M1,5G-NR,-84.3,-13.8,29.881,30.078,1.300998,103.78074,344,5
40:35.4,SGP-M1,5G-NR,-83.3,-14.7,29.881,29.567,1.301004,103.780756,344,5
40:36.0,SGP-M1,5G-NR,-79.8,-11.5,7.572,4.856,1.301004,103.780756,342,5
40:36.5,SGP-M1,5G-NR,-79.1,-11.6,29.944,30.413,1.30101,103.780773,342,5
40:37.0,SGP-M1,5G-NR,-80.3,-12.1,30.227,31.116,1.301014,103.780785,342,4
40:37.7,SGP-M1,5G-NR,-81.1,-12.7,29.548,30.319,1.301014,103.780785,342,4
40:38.3,SGP-M1,5G-NR,-84.6,-12.5,29.887,30.022,1.301018,103.780796,342,3
40:38.9,SGP-M1,5G-NR,-83.9,-13.1,29.88,30,1.301018,103.780796,342,3
40:39.4,SGP-M1,5G-NR,-80.4,-12.3,29.866,30.031,1.301023,103.780808,342,4
40:40.0,SGP-M1,5G-NR,-78.8,-11.7,29.928,30.597,1.301023,103.780808,342,4
40:40.5,SGP-M1,5G-NR,-78.2,-11.3,29.863,31.439,1.301029,103.780823,342,5
40:41.0,SGP-M1,5G-NR,-79.1,-11.6,29.901,30.327,1.301035,103.78084,342,7
40:41.8,SGP-M1,5G-NR,-83.5,-12.9,29.908,29.859,1.301035,103.78084,342,7
40:42.3,SGP-M1,5G-NR,-83.8,-12.8,29.846,30.064,1.301042,103.780861,342,8
40:42.9,SGP-M1,5G-NR,-91.3,-16.5,29.904,26.086,1.301042,103.780861,342,8
40:43.4,SGP-M1,5G-NR,-92.6,-14.4,28.511,25.748,1.30105,103.780881,342,8
40:44.0,SGP-M1,5G-NR,-85.9,-11,30.146,41.395,1.30105,103.780881,344,8
40:44.4,SGP-M1,5G-NR,-84.4,-11.2,30.146,30.675,1.301059,103.780902,344,8
40:45.0,SGP-M1,5G-NR,-84.1,-11.1,29.788,30.612,1.301059,103.780902,344,8
40:45.5,SGP-M1,5G-NR,-85.1,-11.1,29.86,30.486,1.301066,103.780923,344,8
40:46.0,SGP-M1,5G-NR,-84.2,-11.2,22.209,28.446,1.301069,103.780951,344,10
40:46.5,SGP-M1,5G-NR,-84.9,-11,12.873,8.593,1.301066,103.780967,344,11
40:47.0,SGP-M1,5G-NR,-84.8,-11,29.84,30.082,1.301063,103.780982,344,12
40:47.5,SGP-M1,5G-NR,-85.5,-10.8,29.84,31.377,1.301063,103.780982,344,12
40:48.0,SGP-M1,5G-NR,-85.7,-10.9,29.515,30.745,1.301054,103.780998,344,13
40:48.4,SGP-M1,5G-NR,-85.7,-11,29.888,30.745,1.301044,103.781014,344,15
40:48.7,SGP-M1,5G-NR,-85.5,-10.9,29.899,30.887,1.301028,103.781028,344,15
40:49.0,SGP-M1,5G-NR,-85.4,-10.8,29.901,30.328,1.301012,103.781042,344,16
40:49.5,SGP-M1,5G-NR,-85.9,-10.9,29.805,30.917,1.301012,103.781042,344,16
40:50.0,SGP-M1,5G-NR,-85.8,-10.8,29.929,30.634,1.300966,103.781078,344,18
40:50.5,SGP-M1,5G-NR,-84.2,-10.6,29.855,30.833,1.300945,103.781095,344,19
40:51.0,SGP-M1,5G-NR,-82.6,-10.5,29.927,30.492,1.300945,103.781095,344,19
40:51.5,SGP-M1,5G-NR,-84.5,-10.7,29.91,30.754,1.300923,103.781112,344,21
40:52.0,SGP-M1,5G-NR,-86.3,-10.8,29.872,30.651,1.300923,103.781112,344,21
40:52.5,SGP-M1,5G-NR,-85.6,-10.7,29.883,31.098,1.300879,103.781148,344,22
40:53.0,SGP-M1,5G-NR,-87.1,-10.9,29.964,30.647,1.300859,103.781171,344,22
40:53.5,SGP-M1,5G-NR,-87.6,-11.1,29.797,30.302,1.300838,103.781194,344,23
40:54.0,SGP-M1,5G-NR,-87.2,-10.9,29.949,30.594,1.300838,103.781194,344,23
40:54.5,SGP-M1,5G-NR,-86.8,-11.1,29.868,30.104,1.300794,103.781225,344,20
40:55.0,SGP-M1,5G-NR,-89.2,-11.7,29.798,31.065,1.300794,103.781225,344,20
40:55.5,SGP-M1,5G-NR,-87.9,-11.7,29.852,30.668,1.30077,103.781244,344,14
40:56.0,SGP-M1,5G-NR,-84.1,-11,29.964,30.498,1.300755,103.781254,344,14
40:56.5,SGP-M1,5G-NR,-87.1,-11.3,17.339,20.743,1.300739,103.781264,344,15
40:57.0,SGP-M1,5G-NR,-88.2,-11.2,15.723,14.569,1.300739,103.781264,344,15
40:57.5,SGP-M1,5G-NR,-88.1,-11.4,29.87,30.279,1.300703,103.781284,344,14
40:58.0,SGP-M1,5G-NR,-89.4,-12,29.92,30.448,1.300683,103.781302,344,14
40:58.5,SGP-M1,5G-NR,-88.6,-11.9,29.876,30.378,1.300663,103.781319,344,15
40:59.0,SGP-M1,5G-NR,-87.6,-11.6,29.956,30.435,1.300626,103.781341,344,16
40:59.5,SGP-M1,5G-NR,-88.5,-12.5,30.111,30.929,1.300604,103.781357,344,17
41:00.0,SGP-M1,5G-NR,-87.1,-11.6,29.703,31.627,1.300581,103.781372,344,18
41:00.5,SGP-M1,5G-NR,-90.3,-13.3,29.862,29.905,1.300581,103.781372,344,18
41:01.0,SGP-M1,5G-NR,-90.3,-13.5,23.727,18.001,1.300535,103.781415,344,20
41:01.7,SGP-M1,5G-NR,-82.8,-11,29.15,30.851,1.300535,103.781415,7,20
41:02.0,SGP-M1,5G-NR,-89.6,-12.5,25.563,23.359,1.300484,103.781453,7,23
41:02.9,SGP-M1,5G-NR,-86.1,-11.1,23.454,23.295,1.300484,103.781453,7,23
41:03.5,SGP-M1,5G-NR,-87.8,-11.2,21.27,22.797,1.300432,103.7815,7,25
41:04.0,SGP-M1,5G-NR,-91.4,-11.6,19.912,19.838,1.300405,103.78152,7,25
41:04.2,SGP-M1,5G-NR,-90.8,-11.6,20.945,20.919,1.300377,103.781539,7,25
41:04.7,SGP-M1,5G-NR,-91.2,-11.8,28.576,27.242,1.300353,103.781557,7,25
41:05.2,SGP-M1,5G-NR,-87.2,-10.9,31.937,34.824,1.300329,103.781574,7,25
41:06.0,SGP-M1,5G-NR,-87.8,-11.3,25.538,32.093,1.300329,103.781574,7,25
41:06.5,SGP-M1,5G-NR,-84.5,-10.9,18.053,24.687,1.300284,103.781614,7,23
41:07.0,SGP-M1,5G-NR,-87.5,-11.4,10.49,19.583,1.30027,103.781631,7,22
41:07.5,SGP-M1,5G-NR,-91.6,-12,8.466,17.021,1.300255,103.781648,7,21
41:08.0,SGP-M1,5G-NR,-92.7,-12.5,24.413,5.77,1.300231,103.781683,7,18
41:08.5,SGP-M1,5G-NR,-93.3,-13.7,21.099,22.961,1.300231,103.781683,7,18
41:09.0,SGP-M1,5G-NR,-88.1,-11.5,20.486,20.133,1.300226,103.781704,7,18
41:09.5,SGP-M1,5G-NR,-85.9,-11.5,20.008,21.085,1.30022,103.781725,7,18
41:10.0,SGP-M1,5G-NR,-86.5,-11.6,25.719,26.048,1.300212,103.781768,7,19
41:10.5,SGP-M1,5G-NR,-88.4,-12.3,28.155,29,1.300214,103.781792,7,19
41:11.0,SGP-M1,5G-NR,-86.1,-12,26.512,25.046,1.300216,103.781816,7,19
41:11.8,SGP-M1,5G-NR,-86.4,-11.9,23.415,22.502,1.300216,103.781816,7,19
41:12.3,SGP-M1,5G-NR,-80.1,-10.7,32.09,35.408,1.300228,103.781872,7,21
41:12.8,SGP-M1,5G-NR,-83,-11,36.236,34.177,1.300237,103.7819,7,22
41:13.3,SGP-M1,5G-NR,-87.5,-12.1,27.159,26.906,1.300246,103.781928,7,24
41:14.0,SGP-M1,5G-NR,-87.9,-12.4,21.742,28.168,1.300246,103.781928,7,24
41:14.5,SGP-M1,5G-NR,-85.3,-11.5,35.153,23.683,1.300267,103.781994,7,26
41:15.0,SGP-M1,5G-NR,-84.1,-11.2,30.043,32.588,1.300286,103.78206,7,28
41:15.5,SGP-M1,5G-NR,-85.7,-11.6,27.947,28.338,1.300286,103.78206,7,28
41:16.0,SGP-M1,5G-NR,-86.3,-11.8,30.835,29.293,1.300298,103.782095,7,29
41:16.5,SGP-M1,5G-NR,-83.4,-11.4,31.418,31.828,1.300309,103.782131,7,30
41:17.0,SGP-M1,5G-NR,-83.7,-11,32.31,31.462,1.300324,103.782168,7,30
41:17.6,SGP-M1,5G-NR,-84,-11.3,14.749,21.183,1.300338,103.782205,7,31
41:18.1,SGP-M1,5G-NR,-84.9,-11.6,8.612,7.157,1.300374,103.782275,7,33
41:18.6,SGP-M1,5G-NR,-85.3,-11.2,22.22,18.36,1.300396,103.782312,7,33
41:19.1,SGP-M1,5G-NR,-87,-11.6,24.769,26.065,1.300418,103.78235,7,34
41:20.0,SGP-M1,5G-NR,-84.4,-10.7,28.271,28.135,1.300418,103.78235,7,34
41:20.4,SGP-M1,5G-NR,-85.9,-11,29.572,28.538,1.300466,103.782427,7,36
41:21.0,SGP-M1,5G-NR,-83.6,-10.9,31.791,33.126,1.300491,103.782465,7,36
41:21.5,SGP-M1,5G-NR,-85.5,-11.3,28.207,29.516,1.300516,103.782504,7,36
41:22.0,SGP-M1,5G-NR,-88.3,-11.7,24.938,21.782,1.300541,103.782542,7,36
41:22.5,SGP-M1,5G-NR,-93,-14.2,14.847,13.099,1.300565,103.782581,7,37
41:23.0,SGP-M1,5G-NR,-94,-14.3,8.785,8.754,1.300565,103.782581,7,37
41:23.5,SGP-M1,5G-NR,-97.5,-16.6,4.949,7.432,1.300615,103.782661,7,37
41:24.0,SGP-M1,5G-NR,-100,-17.7,3.472,4.723,1.300665,103.782743,7,37
41:24.5,SGP-M1,5G-NR,-106,-23.3,4.828,2.849,1.300687,103.782782,7,36
41:25.1,SGP-M1,5G-NR,-88.2,-11.8,23.399,23.198,1.300687,103.782782,693,36
41:25.6,SGP-M1,5G-NR,-82.6,-11.2,30.279,32.824,1.300709,103.782821,693,35
41:26.1,SGP-M1,5G-NR,-82.8,-11.3,31.953,31.066,1.30073,103.782853,693,32
41:26.6,SGP-M1,5G-NR,-81.3,-11.3,46.191,50.992,1.300751,103.782886,693,30
41:27.1,SGP-M1,5G-NR,-78.8,-10.8,54.783,55.224,1.300788,103.782939,693,25
41:27.9,SGP-M1,5G-NR,-80.2,-10.8,46.188,42.887,1.300788,103.782939,693,25
41:28.4,SGP-M1,5G-NR,-85.5,-12,23.309,25.198,1.300808,103.782983,693,18
41:28.8,SGP-M1,5G-NR,-85.3,-12.1,8.873,6.664,1.300818,103.782998,693,15
41:29.4,SGP-M1,5G-NR,-91.8,-12,20.787,17.442,1.300827,103.783013,693,12
41:30.0,SGP-M1,5G-NR,-94.4,-11.9,16.033,31.575,1.300827,103.783013,693,12
41:30.5,SGP-M1,5G-NR,-84.9,-10.8,33.811,48.155,1.300828,103.783035,344,7
41:31.0,SGP-M1,5G-NR,-86.1,-11.2,32.387,39.936,1.300828,103.783035,344,7
41:31.5,SGP-M1,5G-NR,-80.9,-10.6,30.009,30.007,1.300832,103.78304,344,0
41:32.0,SGP-M1,5G-NR,-83.1,-10.8,29.809,30.563,1.300827,103.783045,344,0
41:32.6,SGP-M1,5G-NR,-82.2,-10.6,29.925,30.217,1.300827,103.783045,344,0
41:33.1,SGP-M1,5G-NR,-87.6,-11.1,30.194,30.698,1.300829,103.783045,344,0
41:34.0,SGP-M1,5G-NR,-84.6,-10.8,29.591,30.59,1.300829,103.783045,344,0
41:34.5,SGP-M1,5G-NR,-83.8,-10.6,29.898,29.596,1.300829,103.783047,344,0
41:35.0,SGP-M1,5G-NR,-92.2,-12.7,29.839,31.043,1.300829,103.783047,344,0
41:35.5,SGP-M1,5G-NR,-86.5,-10.8,29.917,30.6,1.300829,103.783051,344,0
41:36.0,SGP-M1,5G-NR,-84.8,-10.6,29.835,30.143,1.30083,103.783054,344,0
41:36.6,SGP-M1,5G-NR,-87.4,-10.5,29.914,30.948,1.30083,103.783054,344,0
41:37.5,SGP-M1,5G-NR,-85.1,-11,29.885,30.108,1.30083,103.783054,344,0
41:38.0,SGP-M1,5G-NR,-85.4,-11.9,29.884,30.25,1.30083,103.783054,344,0
41:38.5,SGP-M1,5G-NR,-85.2,-11.3,20.909,23.511,1.300829,103.783054,344,0
41:39.1,SGP-M1,5G-NR,-85.6,-11.1,14.037,12.166,1.300829,103.783054,344,0
41:40.0,SGP-M1,5G-NR,-84.1,-11,29.904,30.54,1.300829,103.783054,344,0
41:40.5,SGP-M1,5G-NR,-86.2,-11.1,29.882,30.825,1.300828,103.783054,344,0
41:41.0,SGP-M1,5G-NR,-87.4,-11.4,29.85,30.33,1.300828,103.783054,344,0
41:41.5,SGP-M1,5G-NR,-87,-11,29.973,30.452,1.300828,103.783053,344,0
41:42.0,SGP-M1,5G-NR,-83.4,-10.6,29.858,30.578,1.300829,103.783053,344,0
41:42.6,SGP-M1,5G-NR,-84,-10.6,29.948,30.468,1.300829,103.783053,344,0
41:43.1,SGP-M1,5G-NR,-80.4,-10.5,29.869,30.554,1.300832,103.783056,344,1
41:44.0,SGP-M1,5G-NR,-82.6,-11.2,29.874,30.558,1.300832,103.783056,344,1
41:44.5,SGP-M1,5G-NR,-84.5,-10.8,29.791,25.995,1.300831,103.783061,344,1
41:45.0,SGP-M1,5G-NR,-90,-10.8,29.978,30.693,1.300831,103.783061,344,1
41:45.5,SGP-M1,5G-NR,-81.2,-11,29.936,30.318,1.300834,103.783061,344,0
41:46.0,SGP-M1,5G-NR,-84,-10.8,29.898,31.398,1.300841,103.783066,344,2
41:46.6,SGP-M1,5G-NR,-82.1,-10.7,29.926,30.17,1.300841,103.783066,344,2
41:47.1,SGP-M1,5G-NR,-82.9,-10.6,29.814,31.286,1.300854,103.78308,344,9
41:48.0,SGP-M1,5G-NR,-83.4,-11,29.921,29.834,1.300854,103.78308,344,9
41:48.5,SGP-M1,5G-NR,-84.5,-10.8,29.813,31.199,1.300872,103.783103,344,13
41:49.0,SGP-M1,5G-NR,-83.2,-10.6,15.843,17.105,1.300872,103.783103,344,13
41:49.5,SGP-M1,5G-NR,-82.7,-10.7,18.906,18.341,1.300893,103.783132,344,14
41:50.0,SGP-M1,5G-NR,-83,-10.5,29.794,30.361,1.300905,103.783148,344,15
41:50.5,SGP-M1,5G-NR,-84,-10.7,29.859,29.768,1.300917,103.783165,344,17
41:51.0,SGP-M1,5G-NR,-85.6,-10.7,29.858,30.495,1.300933,103.783185,344,19
41:51.5,SGP-M1,5G-NR,-85.1,-10.7,30.001,30.494,1.300948,103.783206,344,21
41:52.0,SGP-M1,5G-NR,-84,-10.6,29.79,30.172,1.300981,103.783253,344,23
41:52.5,SGP-M1,5G-NR,-87.8,-10.9,29.961,30.394,1.300998,103.783281,344,24
41:53.0,SGP-M1,5G-NR,-87.5,-10.9,29.856,28.306,1.301015,103.783309,344,25
41:53.7,SGP-M1,5G-NR,-89,-11.1,29.875,31.864,1.301015,103.783309,344,25
41:54.2,SGP-M1,5G-NR,-88.8,-11,29.991,29.243,1.30105,103.783359,344,24
41:54.7,SGP-M1,5G-NR,-90.5,-11.5,29.784,30.208,1.301068,103.783385,344,24
41:55.2,SGP-M1,5G-NR,-91.1,-11.6,29.827,29.059,1.301086,103.783411,344,24
41:56.0,SGP-M1,5G-NR,-91.3,-11.5,29.886,29.729,1.301086,103.783411,344,24
41:56.5,SGP-M1,5G-NR,-90.4,-11.7,29.93,30.123,1.30112,103.783457,344,23
41:57.0,SGP-M1,5G-NR,-90.1,-11.4,29.64,27.007,1.301147,103.783503,344,22
41:57.5,SGP-M1,5G-NR,-89.1,-11.3,29.694,28.46,1.301161,103.783524,344,20
41:58.0,SGP-M1,5G-NR,-91.1,-12,30.256,29.589,1.301174,103.783545,344,19
41:58.5,SGP-M1,5G-NR,-89.4,-11.6,29.431,27.544,1.301174,103.783545,344,19
41:59.0,SGP-M1,5G-NR,-91,-12.1,28.986,29.081,1.301196,103.783574,344,14
41:59.7,SGP-M1,5G-NR,-90.1,-11.6,9.575,15.37,1.301196,103.783574,344,14
42:00.2,SGP-M1,5G-NR,-91.6,-13,14.624,13.314,1.30121,103.783595,344,10
42:01.0,SGP-M1,5G-NR,-91.3,-12.4,29.836,31.719,1.30121,103.783595,344,10
42:01.5,SGP-M1,5G-NR,-89.2,-12.3,29.879,31.661,1.301221,103.783615,344,9
42:02.0,SGP-M1,5G-NR,-91.4,-12.7,29.868,28.69,1.301221,103.783615,344,9
42:02.5,SGP-M1,5G-NR,-91.2,-13.2,29.907,30.626,1.301231,103.783636,344,8
42:03.0,SGP-M1,5G-NR,-79.2,-10.6,29.885,30.572,1.301233,103.783648,414,4
42:03.6,SGP-M1,5G-NR,-85.2,-10.9,29.861,30.28,1.301233,103.783648,414,4
42:04.0,SGP-M1,5G-NR,-84,-10.9,29.898,30.905,1.301233,103.783651,414,0
42:05.0,SGP-M1,5G-NR,-86,-11.9,29.875,30.336,1.301233,103.783651,414,0
42:05.5,SGP-M1,5G-NR,-82.6,-11.1,29.914,30.824,1.301234,103.783652,414,0
42:06.0,SGP-M1,5G-NR,-78.2,-10.7,29.92,30.839,1.301234,103.783655,414,0
42:06.5,SGP-M1,5G-NR,-74.1,-10.4,29.836,29.189,1.301234,103.783655,414,0
42:07.1,SGP-M1,5G-NR,-77.2,-10.7,30.308,30.503,1.301234,103.783655,414,0
42:08.0,SGP-M1,5G-NR,-76.2,-10.6,29.839,30.939,1.301234,103.783655,414,0
42:08.5,SGP-M1,5G-NR,-77.5,-10.6,29.884,30.348,1.301233,103.783655,414,0
42:09.0,SGP-M1,5G-NR,-76.2,-10.5,29.907,31.085,1.301233,103.783655,414,0
42:09.6,SGP-M1,5G-NR,-75.4,-10.5,29.913,30.905,1.301233,103.783655,414,0
42:10.1,SGP-M1,5G-NR,-76.1,-10.5,15.22,14.207,1.301233,103.783656,414,0
42:11.0,SGP-M1,5G-NR,-78.1,-10.6,29.681,22.674,1.301233,103.783656,414,0
42:11.5,SGP-M1,5G-NR,-80.8,-10.5,30.054,30.232,1.301233,103.783657,414,0
42:12.0,SGP-M1,5G-NR,-84,-10.6,29.945,30.12,1.301233,103.783657,414,0
42:12.6,SGP-M1,5G-NR,-84.5,-10.6,29.767,29.941,1.301233,103.783657,414,0
42:13.1,SGP-M1,5G-NR,-82.5,-10.5,29.998,30.8,1.301232,103.783657,414,0
42:14.0,SGP-M1,5G-NR,-84.5,-10.6,29.751,29.52,1.301232,103.783657,414,0
42:14.6,SGP-M1,5G-NR,-82.9,-10.6,30.012,30.139,1.301232,103.783657,414,0
42:15.1,SGP-M1,5G-NR,-84.6,-10.6,29.733,31.004,1.301232,103.783657,414,0
42:16.0,SGP-M1,5G-NR,-85.1,-11,29.844,31.172,1.301232,103.783657,414,0
42:16.5,SGP-M1,5G-NR,-80.5,-10.7,29.866,30.052,1.301231,103.783657,414,0
42:17.0,SGP-M1,5G-NR,-79.8,-10.6,29.899,30.379,1.301231,103.783656,414,0
42:17.6,SGP-M1,5G-NR,-80.3,-10.7,29.881,30.489,1.301231,103.783656,414,0
42:18.1,SGP-M1,5G-NR,-82.9,-10.9,29.884,30.749,1.30123,103.783656,414,0
42:18.6,SGP-M1,5G-NR,-85,-11.2,29.935,31.004,1.30123,103.783656,414,0
42:19.5,SGP-M1,5G-NR,-84.9,-10.9,29.879,29.903,1.30123,103.783656,414,0
42:20.1,SGP-M1,5G-NR,-82.2,-10.7,29.902,30.487,1.30123,103.783656,414,0
42:20.7,SGP-M1,5G-NR,-79.3,-10.5,10.217,8.664,1.30123,103.783656,414,0
42:21.5,SGP-M1,5G-NR,-77.6,-10.5,29.734,27.781,1.30123,103.783656,414,0
42:22.1,SGP-M1,5G-NR,-79,-10.6,29.908,30.1,1.30123,103.783656,414,0
42:22.7,SGP-M1,5G-NR,-82,-10.6,29.929,31.907,1.30123,103.783656,414,0
42:23.5,SGP-M1,5G-NR,-82.5,-10.8,29.916,30.031,1.30123,103.783656,414,0
42:24.1,SGP-M1,5G-NR,-81.7,-10.7,29.877,30.568,1.30123,103.783656,414,0
42:24.8,SGP-M1,5G-NR,-82.4,-10.9,29.971,31.906,1.30123,103.783656,414,0
42:25.5,SGP-M1,5G-NR,-81.3,-10.7,29.958,30.113,1.30123,103.783656,414,0
42:26.1,SGP-M1,5G-NR,-83.8,-11,29.753,29.994,1.30123,103.783656,414,0
42:26.8,SGP-M1,5G-NR,-85.1,-10.9,29.968,30.953,1.30123,103.783656,414,0
42:27.5,SGP-M1,5G-NR,-85.4,-10.7,29.966,31.008,1.30123,103.783656,414,0
42:28.1,SGP-M1,5G-NR,-85.2,-10.9,29.803,30.343,1.30123,103.783656,414,0
42:28.8,SGP-M1,5G-NR,-88,-11.3,29.896,29.948,1.30123,103.783656,414,0
42:29.5,SGP-M1,5G-NR,-88.3,-11.2,29.887,31.155,1.30123,103.783656,414,0
42:30.0,SGP-M1,5G-NR,-85.1,-10.8,29.902,30.062,1.301229,103.783656,414,0
42:30.6,SGP-M1,5G-NR,-86.8,-11.1,29.97,30.501,1.301229,103.783656,414,0
42:31.1,SGP-M1,5G-NR,-85.4,-10.9,5.143,2.538,1.30123,103.783656,414,0
42:31.9,SGP-M1,5G-NR,-81.8,-10.7,26.001,30.964,1.30123,103.783656,414,0
42:32.4,SGP-M1,5G-NR,-80.3,-10.7,29.852,29.218,1.301232,103.783657,414,0
42:33.0,SGP-M1,5G-NR,-83.6,-11.2,29.883,30.749,1.301232,103.783657,414,0
42:33.4,SGP-M1,5G-NR,-85.4,-11.3,29.883,30.419,1.301234,103.783665,414,3
42:34.0,SGP-M1,5G-NR,-83.4,-11.3,29.905,31.254,1.301234,103.783665,414,3
42:34.5,SGP-M1,5G-NR,-82.3,-12,29.916,30.656,1.301233,103.78368,414,7
42:35.0,SGP-M1,5G-NR,-78.1,-10.9,29.836,30.086,1.301232,103.783703,414,9
42:35.6,SGP-M1,5G-NR,-83.1,-11.4,29.888,30.414,1.301232,103.783703,414,9
42:36.1,SGP-M1,5G-NR,-81.8,-10.8,29.935,30.964,1.301231,103.783726,414,8
42:37.0,SGP-M1,5G-NR,-81.1,-10.7,29.726,30.259,1.301231,103.783726,414,8
42:37.2,SGP-M1,5G-NR,-86,-11.9,30.122,30.463,1.301231,103.783748,414,8
42:38.0,SGP-M1,5G-NR,-85.6,-11.9,29.876,30.229,1.301231,103.783748,414,8
42:38.5,SGP-M1,5G-NR,-85.4,-11.9,29.995,30.602,1.301231,103.783774,414,10
42:39.0,SGP-M1,5G-NR,-85.7,-12.2,29.768,30.909,1.301229,103.783789,414,10
42:39.5,SGP-M1,5G-NR,-83.2,-10.9,29.964,29.573,1.301227,103.783804,414,11
42:40.0,SGP-M1,5G-NR,-78.8,-10.6,29.865,31.717,1.30122,103.78382,414,12
42:40.5,SGP-M1,5G-NR,-81,-10.7,29.827,30.252,1.301212,103.783835,414,14
42:41.0,SGP-M1,5G-NR,-83.2,-10.8,29.926,31.379,1.301197,103.783849,414,15
42:41.5,SGP-M1,5G-NR,-85.6,-11.1,4.259,30.911,1.301182,103.783863,414,16
42:42.0,SGP-M1,5G-NR,-89.1,-12.4,29.86,4.416,1.30114,103.783893,414,18
42:42.6,SGP-M1,5G-NR,-88.1,-11.4,29.739,30.98,1.30114,103.783893,414,18
42:43.1,SGP-M1,5G-NR,-87.1,-11.9,29.983,31.509,1.301097,103.783934,414,22
42:43.6,SGP-M1,5G-NR,-82,-11.2,29.926,30.672,1.301072,103.783958,414,24
42:44.1,SGP-M1,5G-NR,-82.7,-10.9,30.152,30.877,1.301046,103.783982,414,26
42:44.6,SGP-M1,5G-NR,-80.5,-10.9,29.625,30.666,1.30102,103.784009,414,27
42:45.4,SGP-M1,5G-NR,-75.5,-10.5,29.878,30.666,1.300993,103.784035,414,29
42:46.0,SGP-M1,5G-NR,-77.7,-10.5,29.84,32.009,1.300993,103.784035,414,29
42:46.5,SGP-M1,5G-NR,-76.4,-10.5,29.917,29.484,1.300941,103.784093,414,30
42:47.0,SGP-M1,5G-NR,-76.4,-10.6,29.834,29.99,1.300911,103.784123,414,31
42:47.5,SGP-M1,5G-NR,-73.8,-10.4,29.855,32.003,1.300881,103.784152,414,32
42:48.0,SGP-M1,5G-NR,-73.7,-10.5,29.923,29.739,1.300832,103.784205,414,28
42:48.6,SGP-M1,5G-NR,-81.4,-10.9,29.875,30.794,1.300832,103.784205,414,28
42:49.1,SGP-M1,5G-NR,-85.6,-11,29.919,30.675,1.300782,103.784253,414,27
42:49.6,SGP-M1,5G-NR,-84.5,-11.4,29.876,30.653,1.300761,103.784271,414,25
42:50.1,SGP-M1,5G-NR,-78.2,-10.6,29.81,30.263,1.300739,103.784289,414,23
42:51.0,SGP-M1,5G-NR,-75.3,-10.7,30.048,30.307,1.300739,103.784289,414,23
42:51.5,SGP-M1,5G-NR,-78.8,-10.6,29.779,30.315,1.30071,103.784319,414,17
42:52.0,SGP-M1,5G-NR,-78.8,-10.6,4.948,27.919,1.300701,103.784331,414,14
42:52.5,SGP-M1,5G-NR,-81.4,-10.8,29.894,8.781,1.300691,103.784342,414,12
42:53.0,SGP-M1,5G-NR,-79.8,-10.7,29.967,30.648,1.300678,103.784357,414,8
42:53.5,SGP-M1,5G-NR,-77.2,-10.8,29.826,31.005,1.300678,103.784357,414,8
42:54.0,SGP-M1,5G-NR,-76,-10.6,29.916,30.898,1.300671,103.784362,414,3
42:55.0,SGP-M1,5G-NR,-76,-10.6,29.775,30.485,1.300671,103.784362,414,3
42:55.5,SGP-M1,5G-NR,-76.7,-10.6,29.888,30.467,1.300672,103.784361,414,0
42:56.0,SGP-M1,5G-NR,-74.7,-10.5,29.948,31.479,1.300671,103.784364,414,0
42:56.6,SGP-M1,5G-NR,-74.7,-10.5,29.954,30.018,1.300671,103.784364,414,0
42:57.1,SGP-M1,5G-NR,-74.9,-10.7,29.711,30.186,1.300671,103.784364,414,0
42:57.6,SGP-M1,5G-NR,-76.5,-10.6,29.762,30.928,1.300672,103.784367,414,0
42:58.1,SGP-M1,5G-NR,-83.4,-10.7,30.057,24.237,1.300671,103.784366,414,0
42:59.0,SGP-M1,5G-NR,-89.7,-10.5,31.694,29.311,1.300671,103.784366,414,0
42:59.5,SGP-M1,5G-NR,-84.2,-10.4,29.989,37.544,1.300671,103.784367,414,0
43:00.0,SGP-M1,5G-NR,-82.1,-10.4,29.757,29.18,1.300674,103.784368,414,1
43:00.6,SGP-M1,5G-NR,-86.4,-11,29.954,30.691,1.300674,103.784368,414,1
43:01.1,SGP-M1,5G-NR,-73.7,-10.7,29.849,30.585,1.300674,103.784367,414,0
43:01.6,SGP-M1,5G-NR,-73,-10.5,29.938,31.58,1.300674,103.784367,414,0
43:02.1,SGP-M1,5G-NR,-74.9,-10.5,24.9,21.85,1.300673,103.784368,414,0
43:03.0,SGP-M1,5G-NR,-73.8,-10.5,29.81,11.38,1.300673,103.784368,414,0
43:03.5,SGP-M1,5G-NR,-79,-10.7,29.898,30.26,1.300671,103.784369,414,0
43:04.0,SGP-M1,5G-NR,-83.1,-11.3,29.896,30.872,1.300669,103.78437,414,0
43:04.6,SGP-M1,5G-NR,-84.5,-11,29.926,31.754,1.300669,103.78437,414,0
43:05.1,SGP-M1,5G-NR,-91.6,-12.2,29.8,29.342,1.300668,103.78437,414,0
43:05.6,SGP-M1,5G-NR,-90.8,-11.6,29.957,30.529,1.300668,103.78437,414,0
43:06.1,SGP-M1,5G-NR,-90.2,-11.8,29.884,30.356,1.300668,103.78437,414,0
43:07.0,SGP-M1,5G-NR,-86.1,-11.2,29.874,30.541,1.300668,103.78437,414,0
43:07.5,SGP-M1,5G-NR,-76.4,-10.6,29.808,32.183,1.300668,103.784371,414,0
43:08.0,SGP-M1,5G-NR,-81,-10.5,29.892,29.411,1.300667,103.784371,414,0
43:08.5,SGP-M1,5G-NR,-72.4,-10.4,29.88,33.15,1.300667,103.784371,414,0
43:09.1,SGP-M1,5G-NR,-75,-10.4,29.941,30.141,1.300667,103.784371,414,0
43:10.0,SGP-M1,5G-NR,-76.5,-10.4,29.937,30.745,1.300667,103.784371,414,0
43:10.6,SGP-M1,5G-NR,-70.7,-10.4,29.825,31.045,1.300667,103.784371,414,0
43:11.1,SGP-M1,5G-NR,-67.4,-10.4,29.949,31.066,1.300667,103.784371,414,0
43:12.0,SGP-M1,5G-NR,-69.7,-10.5,29.721,30.282,1.300667,103.784371,414,0
43:12.5,SGP-M1,5G-NR,-71.5,-10.4,22.381,29.992,1.300663,103.784377,414,3
43:13.0,SGP-M1,5G-NR,-76.8,-10.7,13.579,20.211,1.30065,103.784389,414,7
43:13.5,SGP-M1,5G-NR,-73.5,-10.4,29.956,16.592,1.300641,103.784399,414,9
43:14.0,SGP-M1,5G-NR,-71.2,-10.4,29.811,30.077,1.300631,103.784408,414,12
43:14.5,SGP-M1,5G-NR,-71.4,-10.4,29.979,30.783,1.300619,103.78442,414,13
43:15.0,SGP-M1,5G-NR,-72.3,-10.4,29.882,30.206,1.300606,103.784432,414,14
43:15.5,SGP-M1,5G-NR,-72.3,-10.5,29.78,32.238,1.300606,103.784432,414,14
43:16.1,SGP-M1,5G-NR,-72.6,-10.4,29.891,30.548,1.300577,103.784457,414,16
43:16.6,SGP-M1,5G-NR,-77.8,-10.8,29.856,30.378,1.30056,103.784472,414,17
43:17.1,SGP-M1,5G-NR,-73.5,-10.5,29.964,30.398,1.300542,103.784486,414,18
43:17.6,SGP-M1,5G-NR,-76.3,-10.6,30.028,30.84,1.300525,103.784503,414,18
43:18.0,SGP-M1,5G-NR,-79,-11.3,29.966,30.065,1.300507,103.784519,414,19
43:18.6,SGP-M1,5G-NR,-84.7,-12.5,29.927,29.819,1.300507,103.784519,414,19
43:19.1,SGP-M1,5G-NR,-81.2,-12.5,29.874,30.58,1.300469,103.784555,414,20
43:19.6,SGP-M1,5G-NR,-83.3,-11.9,29.875,30.524,1.300449,103.784576,414,21
43:20.1,SGP-M1,5G-NR,-83.7,-11.7,29.886,31.302,1.300428,103.784596,414,22
43:20.6,SGP-M1,5G-NR,-79.1,-10.7,29.885,31.56,1.300403,103.784617,414,23
43:21.1,SGP-M1,5G-NR,-79.4,-10.7,29.867,30.196,1.300378,103.784638,414,24
43:21.9,SGP-M1,5G-NR,-84,-11.8,29.821,30.153,1.300378,103.784638,414,24
43:22.4,SGP-M1,5G-NR,-80,-11.1,30.023,31.205,1.300329,103.784685,414,25
43:22.9,SGP-M1,5G-NR,-82.3,-11.2,29.853,30.972,1.300304,103.784709,414,26
43:23.4,SGP-M1,5G-NR,-79.3,-11,16.234,13.541,1.300279,103.784732,414,27
43:24.0,SGP-M1,5G-NR,-80.4,-10.9,29.848,23.528,1.300279,103.784732,414,27
43:24.5,SGP-M1,5G-NR,-80,-11,29.842,30.504,1.300234,103.784782,414,28
43:25.0,SGP-M1,5G-NR,-77.3,-10.8,29.929,31.135,1.30021,103.784811,414,28
43:25.5,SGP-M1,5G-NR,-79,-11.3,29.93,30.515,1.300185,103.784839,414,29
43:25.9,SGP-M1,5G-NR,-77.9,-11.2,29.93,30.99,1.300156,103.784869,414,30
43:26.1,SGP-M1,5G-NR,-77.5,-11.3,29.849,30.418,1.300126,103.784899,414,32
43:27.0,SGP-M1,5G-NR,-78.4,-11.3,29.984,30.541,1.300126,103.784899,414,32
43:27.3,SGP-M1,5G-NR,-77.2,-11,29.984,30.963,1.300064,103.78496,414,33
43:27.6,SGP-M1,5G-NR,-78,-10.9,29.74,31.738,1.300033,103.78499,414,32
43:28.2,SGP-M1,5G-NR,-78.1,-11.7,30.011,30.228,1.300002,103.785019,414,32
43:28.8,SGP-M1,5G-NR,-72,-12.8,29.738,28.434,1.300002,103.785019,590,32
43:29.3,SGP-M1,5G-NR,-76.6,-12.8,29.923,31.395,1.299947,103.785076,590,30
43:29.8,SGP-M1,5G-NR,-80,-15.1,29.881,29.715,1.299919,103.785101,590,29
43:30.1,SGP-M1,5G-NR,-81.5,-16.2,29.913,28.2,1.299891,103.785125,590,29
43:30.5,SGP-M1,5G-NR,-91.2,-16.7,29.881,28.2,1.299869,103.785148,590,27
43:31.1,SGP-M1,5G-NR,-91.2,-16.7,29.884,38.512,1.299847,103.78517,590,25
43:31.5,SGP-M1,5G-NR,-77.2,-10.7,29.874,38.512,1.299829,103.785191,414,23
43:32.0,SGP-M1,5G-NR,-78.1,-10.7,29.866,29.694,1.29981,103.785211,414,22
43:32.6,SGP-M1,5G-NR,-78.2,-10.9,29.884,30.156,1.29981,103.785211,414,22
43:33.1,SGP-M1,5G-NR,-74.9,-10.6,29.918,32.015,1.299784,103.785243,414,19
43:33.6,SGP-M1,5G-NR,-72.2,-10.6,10.677,8.872,1.299777,103.785262,414,18
43:34.1,SGP-M1,5G-NR,-72.4,-10.6,25.099,28.606,1.29977,103.78528,414,17
43:34.6,SGP-M1,5G-NR,-72.1,-10.5,29.878,30.879,1.299765,103.7853,414,16
43:35.1,SGP-M1,5G-NR,-75.4,-10.6,29.855,31.522,1.299759,103.78532,414,16
43:35.6,SGP-M1,5G-NR,-74.5,-10.7,29.885,30.148,1.299759,103.78532,414,16
43:36.1,SGP-M1,5G-NR,-72.8,-10.6,29.903,31.273,1.299766,103.785347,414,13
43:37.0,SGP-M1,5G-NR,-71.5,-10.4,29.929,31.854,1.299766,103.785347,414,13
43:37.5,SGP-M1,5G-NR,-74.6,-10.4,29.833,29.545,1.29977,103.785386,414,15
43:38.0,SGP-M1,5G-NR,-76.6,-10.6,29.96,30.868,1.299773,103.785404,414,15
43:38.5,SGP-M1,5G-NR,-72.8,-10.5,29.929,30.574,1.299776,103.785423,414,15
43:39.0,SGP-M1,5G-NR,-65,-10.4,29.902,32.034,1.299793,103.78546,414,15
43:39.5,SGP-M1,5G-NR,-69.8,-10.4,29.937,30.043,1.299803,103.785477,414,15
43:40.0,SGP-M1,5G-NR,-70.2,-10.4,29.8,31.237,1.299812,103.785494,414,15
43:40.5,SGP-M1,5G-NR,-63.9,-10.4,29.968,31.456,1.29983,103.78551,414,16
43:41.0,SGP-M1,5G-NR,-75.1,-10.4,29.854,30.161,1.299847,103.785527,414,18
43:41.6,SGP-M1,5G-NR,-69.9,-10.4,29.812,30.256,1.299847,103.785527,414,18
43:42.1,SGP-M1,5G-NR,-72.7,-10.4,29.887,31.652,1.299896,103.785554,414,21
43:42.6,SGP-M1,5G-NR,-74.5,-10.4,29.915,31.083,1.299926,103.785572,414,23
43:43.1,SGP-M1,5G-NR,-77.4,-10.4,29.883,30.225,1.299956,103.78559,414,26
43:43.6,SGP-M1,5G-NR,-75.5,-10.4,29.862,31.076,1.299956,103.78559,414,26
43:44.1,SGP-M1,5G-NR,-77.3,-10.4,6.068,6.163,1.300023,103.785624,414,29
43:44.6,SGP-M1,5G-NR,-84.8,-10.7,29.929,26.486,1.30006,103.785643,414,30
43:45.1,SGP-M1,5G-NR,-86.9,-11.1,25.635,20.37,1.300097,103.785663,414,32
43:45.6,SGP-M1,5G-NR,-90.2,-11.3,14.973,13.882,1.300136,103.785686,414,33
43:46.1,SGP-M1,5G-NR,-91.5,-11.6,11.84,10.81,1.300175,103.78571,414,35
43:47.0,SGP-M1,5G-NR,-95.9,-12.7,7.688,8.427,1.300175,103.78571,414,35
43:47.2,SGP-M1,5G-NR,-95.8,-15.2,7.688,8.634,1.300263,103.785759,414,37
43:47.5,SGP-M1,5G-NR,-99,-14.3,7.377,8.634,1.300303,103.785786,414,37
43:48.0,SGP-M1,5G-NR,-85.1,-11.1,10.887,5.665,1.300342,103.785813,7,38
43:48.6,SGP-M1,5G-NR,-87.4,-10.9,17.355,14.873,1.300342,103.785813,7,38
43:49.1,SGP-M1,5G-NR,-93.9,-11.9,12.376,11.079,1.300437,103.78587,7,41
43:49.6,SGP-M1,5G-NR,-93.1,-12.5,13.272,13.84,1.300478,103.785897,7,41
43:50.1,SGP-M1,5G-NR,-93.4,-11.6,13.217,12.882,1.300519,103.785925,7,42
43:51.0,SGP-M1,5G-NR,-94.1,-11.6,9.99,12.009,1.300519,103.785925,7,42
43:51.5,SGP-M1,5G-NR,-92.4,-11.1,14.578,10.181,1.300612,103.785991,7,43
43:52.0,SGP-M1,5G-NR,-86.7,-10.6,13.347,16.601,1.300657,103.786023,7,43
43:52.5,SGP-M1,5G-NR,-85.8,-10.5,11.193,10.982,1.300701,103.786055,7,44
43:53.0,SGP-M1,5G-NR,-86.3,-10.4,8.898,11.755,1.300791,103.786129,7,45
43:53.6,SGP-M1,5G-NR,-92.3,-10.6,7.829,7.113,1.300791,103.786129,7,45
43:54.1,SGP-M1,5G-NR,-85.2,-10.4,12.312,10.307,1.300885,103.7862,7,46
43:54.5,SGP-M1,5G-NR,-89.3,-10.4,0.002,11.786,1.300932,103.786239,7,46
43:55.1,SGP-M1,5G-NR,-97.8,-11.2,0.012,4.378,1.300978,103.786278,7,47
43:55.6,SGP-M1,5G-NR,-97.1,-11,10.357,0.952,1.301026,103.786316,7,47
43:56.0,SGP-M1,5G-NR,-101.3,-11.5,1.036,1.781,1.301074,103.786354,7,47
43:56.6,SGP-M1,5G-NR,-103.1,-11.9,1.428,1.396,1.30112,103.786392,7,47
43:57.1,SGP-M1,5G-NR,-102.9,-11.8,1.075,1.006,1.301166,103.78643,7,47
43:57.6,SGP-M1,5G-NR,-104.1,-12,0.691,0.735,1.301166,103.78643,7,47
43:58.1,SGP-M1,5G-NR,-105.7,-12.7,0.679,0.439,1.301263,103.786501,7,47
43:58.6,SGP-M1,5G-NR,-106,-12.3,7.456,0.672,1.301314,103.786533,7,47
43:59.1,SGP-M1,5G-NR,-107.3,-14.3,0,1.395,1.301365,103.786566,693,48
43:59.8,SGP-M1,5G-NR,-106.1,-16.3,0.01,1.132,1.301365,103.786566,693,48
44:00.3,SGP-M1,5G-NR,-106.2,-16.6,0.017,0.977,1.301471,103.786626,693,48
44:00.8,SGP-M1,5G-NR,-105.5,-16.2,0,0.949,1.301524,103.786652,693,46
44:01.5,SGP-M1,5G-NR,-105.9,-16.4,0.011,0.8,1.301576,103.786679,693,46
44:02.0,SGP-M1,5G-NR,-109.6,-18.1,0,0.802,1.301683,103.786725,693,45
44:02.7,SGP-M1,5G-NR,-112.7,-20,0,0.398,1.301736,103.786746,693,44
44:03.2,SGP-M1,5G-NR,-108.3,-17.8,0.023,0.62,1.301789,103.786768,693,44
44:03.8,SGP-M1,5G-NR,-100.7,-10.8,1.117,2.325,1.301789,103.786768,693,44
44:04.3,SGP-M1,5G-NR,-101,-10.8,3.165,4.431,1.301898,103.786804,693,44
44:04.8,SGP-M1,5G-NR,-97,-10.5,5.202,6.448,1.301953,103.786819,693,44
44:05.3,SGP-M1,5G-NR,-95.8,-10.6,7.188,7.075,1.302007,103.786835,693,44
44:06.0,SGP-M1,5G-NR,-94.8,-10.5,2.578,8.465,1.302007,103.786835,693,44
44:06.5,SGP-M1,5G-NR,-95.7,-10.6,12.024,3.14,1.302119,103.786865,693,46
44:07.0,SGP-M1,5G-NR,-98.4,-10.8,4.059,5.844,1.302176,103.786877,693,46
44:07.5,SGP-M1,5G-NR,-97.7,-10.8,3.393,4.229,1.302232,103.786889,693,46
44:08.0,SGP-M1,5G-NR,-101.1,-11.2,1.692,2.525,1.30235,103.786913,693,47
44:08.5,SGP-M1,5G-NR,-101.6,-11.2,2.325,2.099,1.302409,103.786923,693,47
44:09.0,SGP-M1,5G-NR,-99.9,-11,1.717,2.168,1.302468,103.786934,693,48
44:09.7,SGP-M1,5G-NR,-102.6,-11.3,1.407,1.282,1.302468,103.786934,693,48
44:10.2,SGP-M1,5G-NR,-107.1,-12.6,1.026,0.658,1.302588,103.786964,693,49
44:10.7,SGP-M1,5G-NR,-108.3,-13,4.596,10.058,1.302648,103.786981,693,49
44:11.2,SGP-M1,5G-NR,-103,-12,16.406,19.557,1.302708,103.786998,457,49
44:11.7,SGP-M1,5G-NR,-94.9,-11.3,20.97,22.959,1.302768,103.787017,457,49
44:12.2,SGP-M1,5G-NR,-92.5,-10.9,25.304,29.112,1.302827,103.787036,457,50
44:12.8,SGP-M1,5G-NR,-88.6,-10.7,36.195,43.996,1.302827,103.787036,457,50
44:13.3,SGP-M1,5G-NR,-85.8,-10.5,49.662,52.51,1.302948,103.787078,457,50
44:13.8,SGP-M1,5G-NR,-85,-10.6,50.455,47.9,1.303001,103.787098,457,48
44:14.4,SGP-M1,5G-NR,-85.3,-10.5,48.156,49.465,1.303054,103.787119,457,46
44:14.8,SGP-M1,5G-NR,-88.4,-10.9,45.62,44.902,1.3031,103.787137,457,42
44:15.4,SGP-M1,5G-NR,-88.6,-10.9,47.818,48.197,1.303146,103.787155,457,39
44:16.0,SGP-M1,5G-NR,-87.5,-11,43.21,44.05,1.303146,103.787155,457,39
44:16.5,SGP-M1,5G-NR,-88.4,-11.2,2.806,30.787,1.303221,103.787192,457,33
44:17.0,SGP-M1,5G-NR,-90,-12.1,29.908,14.621,1.303251,103.787207,457,29
44:17.5,SGP-M1,5G-NR,-87,-10.9,29.872,30.357,1.303281,103.787222,457,26
44:18.0,SGP-M1,5G-NR,-86.9,-10.9,29.928,29.607,1.303323,103.787248,457,20
44:18.5,SGP-M1,5G-NR,-88.2,-11.3,29.814,31.043,1.303339,103.787259,457,16
44:19.0,SGP-M1,5G-NR,-87.6,-11.2,29.937,29.543,1.303354,103.787271,457,13
44:19.7,SGP-M1,5G-NR,-88.9,-11.8,29.775,30.095,1.303354,103.787271,457,13
44:20.2,SGP-M1,5G-NR,-90.2,-11.3,29.925,30.117,1.303373,103.787289,457,10
44:20.9,SGP-M1,5G-NR,-87.9,-10.9,29.87,31,1.303373,103.787289,457,10
44:21.4,SGP-M1,5G-NR,-87.3,-11.1,29.936,29.662,1.303386,103.787309,457,9
44:22.0,SGP-M1,5G-NR,-90.8,-12.5,29.871,29.849,1.303386,103.787309,457,9
44:22.5,SGP-M1,5G-NR,-89.3,-12,29.924,30.097,1.303402,103.787325,457,7
44:23.0,SGP-M1,5G-NR,-90.7,-12.2,29.825,29.736,1.303407,103.787335,457,6
44:23.8,SGP-M1,5G-NR,-90.3,-11.9,30.074,29.721,1.303407,103.787335,457,6
44:24.3,SGP-M1,5G-NR,-91,-11.5,29.677,29.964,1.303413,103.787341,457,3
44:25.0,SGP-M1,5G-NR,-91.5,-11.7,29.948,30.207,1.303413,103.787341,457,3
44:25.5,SGP-M1,5G-NR,-92.9,-12.7,29.834,29.905,1.303416,103.787342,457,0
44:26.0,SGP-M1,5G-NR,-91.7,-12.1,29.942,30.218,1.303416,103.787342,457,0
44:26.5,SGP-M1,5G-NR,-90.5,-11.2,27.042,29.918,1.303419,103.787343,457,0
44:27.0,SGP-M1,5G-NR,-90.8,-11.2,5.553,12.456,1.30342,103.787345,457,0
44:27.8,SGP-M1,5G-NR,-90.1,-11.2,29.86,29.979,1.30342,103.787345,457,0
44:28.3,SGP-M1,5G-NR,-89.4,-11.4,29.869,29.366,1.303419,103.787346,457,0
44:29.0,SGP-M1,5G-NR,-89.4,-11.9,30.169,29.7,1.303419,103.787346,457,0
44:29.5,SGP-M1,5G-NR,-89.4,-11.9,29.908,30.355,1.303417,103.787348,457,0
44:30.0,SGP-M1,5G-NR,-91.1,-12.5,29.813,29.789,1.303417,103.787348,457,0
44:30.5,SGP-M1,5G-NR,-90.8,-11.4,30.024,30.45,1.303415,103.78735,457,0
44:31.0,SGP-M1,5G-NR,-88.9,-11.3,29.821,30.046,1.303415,103.787351,457,0
44:31.8,SGP-M1,5G-NR,-89.8,-11.5,29.91,29.554,1.303415,103.787351,457,0
44:32.3,SGP-M1,5G-NR,-91.4,-11.6,29.896,30.319,1.303414,103.787353,457,0
44:33.0,SGP-M1,5G-NR,-92.7,-11.7,29.967,29.719,1.303414,103.787353,457,0
44:33.5,SGP-M1,5G-NR,-92.4,-12.6,29.824,29.721,1.303415,103.787355,457,0
44:34.0,SGP-M1,5G-NR,-90.2,-13.4,29.867,30.057,1.303415,103.787356,457,0
44:34.6,SGP-M1,5G-NR,-89.3,-12.1,29.949,30.077,1.303415,103.787356,457,0
44:35.1,SGP-M1,5G-NR,-91,-12.5,29.855,29.44,1.303416,103.787356,457,0
44:35.8,SGP-M1,5G-NR,-88.7,-12,25.492,26.913,1.303416,103.787356,458,0
44:36.3,SGP-M1,5G-NR,-87.7,-12.5,30.178,25.829,1.303417,103.787355,458,0
44:36.8,SGP-M1,5G-NR,-87.9,-13,32.293,31.616,1.303417,103.787355,458,0
44:37.3,SGP-M1,5G-NR,-88.4,-13.3,23.113,12.032,1.303417,103.787354,458,0
44:38.0,SGP-M1,5G-NR,-90.6,-13.1,29.904,20.461,1.303417,103.787354,458,0
44:38.8,SGP-M1,5G-NR,-93.5,-12.7,24.786,23.843,1.303417,103.787354,458,0
44:39.3,SGP-M1,5G-NR,-93.3,-14.1,23.378,23.255,1.303417,103.787355,458,0
44:39.8,SGP-M1,5G-NR,-91.1,-13.2,21.391,23.689,1.303417,103.787355,458,0
44:40.3,SGP-M1,5G-NR,-91,-13.4,24.374,23.597,1.303418,103.787355,458,0
44:41.0,SGP-M1,5G-NR,-92.3,-13.6,28.085,26.747,1.303418,103.787355,458,0
44:41.5,SGP-M1,5G-NR,-89.8,-12.9,28.941,29.471,1.303419,103.787356,458,0
44:42.0,SGP-M1,5G-NR,-88.9,-12.9,27.944,29.456,1.30342,103.787357,458,0
44:42.8,SGP-M1,5G-NR,-90,-17.4,29.772,29.054,1.30342,103.787357,458,0
44:43.3,SGP-M1,5G-NR,-90,-17.4,28.373,30.244,1.303421,103.787357,458,0
44:43.8,SGP-M1,5G-NR,-83.7,-10.8,26.718,28.346,1.303421,103.787357,457,0
44:44.4,SGP-M1,5G-NR,-87.2,-10.7,35.02,41.806,1.303421,103.787357,457,0
44:45.0,SGP-M1,5G-NR,-89.2,-11.4,44.617,45.469,1.303421,103.787357,457,0
44:45.9,SGP-M1,5G-NR,-89.3,-11.4,37.96,34.401,1.303421,103.787357,457,0
44:46.5,SGP-M1,5G-NR,-90.1,-12.2,30.015,29.642,1.303421,103.787357,457,0
44:47.0,SGP-M1,5G-NR,-92.5,-13.2,29.931,30.507,1.303421,103.787357,457,0
44:47.9,SGP-M1,5G-NR,-90,-13.3,24.734,5.295,1.303421,103.787357,457,0
44:48.5,SGP-M1,5G-NR,-88.6,-12.4,9.712,30.24,1.303421,103.787357,457,0
44:49.0,SGP-M1,5G-NR,-90.6,-12.5,29.922,30.523,1.303421,103.787357,457,0
44:49.9,SGP-M1,5G-NR,-91.1,-12.3,29.865,30.001,1.303421,103.787357,457,0
44:50.5,SGP-M1,5G-NR,-88.4,-12.7,29.801,29.552,1.303421,103.787357,457,0
44:51.0,SGP-M1,5G-NR,-88.5,-12.1,29.887,29.911,1.303421,103.787357,457,0
44:51.5,SGP-M1,5G-NR,-87.7,-11.8,29.688,29.766,1.303422,103.787357,457,0
44:52.0,SGP-M1,5G-NR,-89,-11.9,30.525,30.068,1.303423,103.787356,457,0
44:52.9,SGP-M1,5G-NR,-90.1,-12,30.031,30.133,1.303423,103.787356,457,0
44:53.4,SGP-M1,5G-NR,-90.7,-13.4,29.943,30.033,1.303424,103.787353,457,0
44:54.0,SGP-M1,5G-NR,-89.5,-12.5,29.952,29.82,1.303424,103.787353,457,0
44:54.5,SGP-M1,5G-NR,-90.7,-12.6,29.809,30.24,1.303422,103.787352,457,0
44:55.0,SGP-M1,5G-NR,-89.7,-12.8,29.984,30.026,1.303421,103.787353,457,0
44:55.5,SGP-M1,5G-NR,-88.5,-11.8,29.842,30.264,1.303421,103.787353,457,0
44:56.1,SGP-M1,5G-NR,-87.9,-12.1,30.102,29.54,1.303421,103.787354,457,0
44:56.9,SGP-M1,5G-NR,-87.5,-12.5,29.721,30.109,1.303421,103.787354,457,0
44:57.4,SGP-M1,5G-NR,-86.9,-12.1,29.839,29.827,1.30342,103.787354,457,0
44:58.0,SGP-M1,5G-NR,-88.3,-12,20.289,26.334,1.30342,103.787354,457,0
44:58.6,SGP-M1,5G-NR,-88.4,-12.5,11.834,6.315,1.30342,103.787354,457,0
44:59.1,SGP-M1,5G-NR,-86.8,-13.3,29.878,30.425,1.303419,103.787353,457,0
44:59.9,SGP-M1,5G-NR,-86.1,-12.9,29.911,30.282,1.303419,103.787353,457,0
45:00.4,SGP-M1,5G-NR,-89.3,-12.9,29.899,30.107,1.303418,103.787352,457,0
45:01.0,SGP-M1,5G-NR,-87.2,-12.4,29.868,29.819,1.303418,103.787352,457,0
45:01.5,SGP-M1,5G-NR,-85.1,-12.1,29.909,29.939,1.303414,103.787351,457,0
45:02.0,SGP-M1,5G-NR,-84,-11.8,29.899,30.283,1.303412,103.78735,457,0
45:02.6,SGP-M1,5G-NR,-85.4,-11.6,29.876,30.202,1.303412,103.78735,457,0
45:03.1,SGP-M1,5G-NR,-85.7,-11.7,29.885,29.366,1.303411,103.787349,457,0
45:04.0,SGP-M1,5G-NR,-84,-11.8,29.855,29.469,1.303411,103.787349,457,0
45:04.5,SGP-M1,5G-NR,-85.7,-11.8,29.945,29.648,1.303411,103.787349,457,0
45:05.0,SGP-M1,5G-NR,-90.7,-11.8,29.768,30.036,1.303411,103.787349,457,0
45:05.6,SGP-M1,5G-NR,-90.7,-12.4,30.314,30.68,1.30341,103.787349,457,0
45:06.0,SGP-M1,5G-NR,-89.1,-12.1,29.897,30.389,1.30341,103.787348,457,0
45:07.0,SGP-M1,5G-NR,-87.1,-11.5,29.828,29.701,1.30341,103.787348,457,0
45:07.5,SGP-M1,5G-NR,-87.9,-11.3,29.866,30.177,1.30341,103.787348,457,0
45:08.0,SGP-M1,5G-NR,-87.7,-11.8,29.96,29.983,1.303411,103.787348,457,0
45:08.6,SGP-M1,5G-NR,-84.5,-10.9,18.012,21.022,1.303411,103.787348,457,0
45:09.1,SGP-M1,5G-NR,-85.1,-10.9,15.194,13.27,1.303412,103.787348,457,0
45:10.0,SGP-M1,5G-NR,-86.5,-11.5,29.87,30.971,1.303412,103.787348,457,0
45:10.5,SGP-M1,5G-NR,-86.8,-11.5,29.931,29.718,1.303413,103.787349,457,0
45:11.0,SGP-M1,5G-NR,-86,-11.2,29.833,30.044,1.303413,103.787349,457,0
45:11.5,SGP-M1,5G-NR,-87.2,-11.5,29.96,29.661,1.303413,103.78735,457,0
45:12.2,SGP-M1,5G-NR,-85,-12,29.97,30.337,1.303413,103.78735,457,0
45:13.0,SGP-M1,5G-NR,-83.7,-11.1,29.852,29.547,1.303413,103.78735,457,0
45:13.5,SGP-M1,5G-NR,-86.1,-11,29.887,30.129,1.303413,103.78735,457,0
45:14.0,SGP-M1,5G-NR,-88.9,-12.3,29.859,30.216,1.303413,103.787349,457,0
45:14.7,SGP-M1,5G-NR,-92.3,-15.3,29.929,29.733,1.303413,103.787349,457,0
45:15.2,SGP-M1,5G-NR,-94.1,-15.2,29.876,29.648,1.303412,103.787348,457,0
45:16.0,SGP-M1,5G-NR,-93.7,-13.5,29.903,30.107,1.303412,103.787348,457,0
45:16.5,SGP-M1,5G-NR,-91.7,-11.9,29.883,30.286,1.303411,103.787346,457,0
45:17.0,SGP-M1,5G-NR,-91.2,-11.7,29.918,29.629,1.303411,103.787344,457,0
45:17.5,SGP-M1,5G-NR,-91.3,-12.3,29.883,30.525,1.303411,103.787344,457,0
45:18.0,SGP-M1,5G-NR,-91.3,-13.5,29.835,30.346,1.303413,103.787343,457,0
45:18.8,SGP-M1,5G-NR,-91.4,-11.4,29.922,29.699,1.303413,103.787343,457,0
45:19.3,SGP-M1,5G-NR,-92.1,-13.2,14.651,13.722,1.303414,103.787342,457,0
45:20.0,SGP-M1,5G-NR,-88.1,-11.8,29.827,19.599,1.303414,103.787342,457,0
45:20.5,SGP-M1,5G-NR,-88.7,-12,29.986,30.029,1.303414,103.787341,457,0
45:21.0,SGP-M1,5G-NR,-88,-12.1,29.835,30.201,1.303417,103.787344,457,2
45:21.6,SGP-M1,5G-NR,-88.8,-11.1,29.919,30.193,1.303417,103.787344,457,2
45:22.1,SGP-M1,5G-NR,-86.6,-11.3,29.77,30.002,1.30343,103.787355,457,9
45:22.6,SGP-M1,5G-NR,-86.9,-11.1,29.932,29.579,1.303442,103.787364,457,11
45:23.1,SGP-M1,5G-NR,-88.2,-11.6,29.896,30.393,1.303453,103.787373,457,13
45:23.6,SGP-M1,5G-NR,-84.2,-10.9,29.831,30.051,1.303468,103.787384,457,14
45:24.1,SGP-M1,5G-NR,-86.8,-11.3,30.1,30.24,1.303483,103.787396,457,16
45:24.9,SGP-M1,5G-NR,-83.1,-10.8,29.687,29.932,1.303483,103.787396,457,16
45:25.4,SGP-M1,5G-NR,-85,-11.1,29.899,30.306,1.30352,103.787422,457,18
45:26.0,SGP-M1,5G-NR,-86.1,-11,29.875,30.391,1.30352,103.787422,457,18
45:26.5,SGP-M1,5G-NR,-87.7,-11.2,29.908,30.057,1.303567,103.787457,457,22
45:27.0,SGP-M1,5G-NR,-87.9,-12.4,29.827,29.996,1.303593,103.787476,457,23
45:27.5,SGP-M1,5G-NR,-88.2,-12.7,29.888,29.44,1.303618,103.787496,457,25
45:28.0,SGP-M1,5G-NR,-87.4,-12.3,29.865,29.97,1.303646,103.787518,457,27
45:28.5,SGP-M1,5G-NR,-87.2,-12.9,29.934,30.505,1.303673,103.787541,457,29
45:29.0,SGP-M1,5G-NR,-87.7,-14.5,29.858,29.714,1.303703,103.787567,457,30
45:29.5,SGP-M1,5G-NR,-84.8,-12,11.884,30.69,1.303733,103.787593,457,32
45:30.0,SGP-M1,5G-NR,-85.4,-13.7,19.094,8.846,1.303765,103.787622,457,33
45:30.5,SGP-M1,5G-NR,-84.1,-12.9,29.909,23.139,1.303796,103.787652,457,35
45:31.0,SGP-M1,5G-NR,-87.3,-14.2,29.829,30.059,1.303865,103.787715,457,37
45:31.5,SGP-M1,5G-NR,-87.4,-14.2,29.916,30.316,1.303901,103.787748,457,37
45:32.0,SGP-M1,5G-NR,-85.9,-14.1,30.172,29.548,1.303937,103.787782,457,38
45:32.6,SGP-M1,5G-NR,-85.4,-13.8,29.689,30.632,1.303937,103.787782,457,38
45:33.1,SGP-M1,5G-NR,-81.8,-12.4,29.744,30.163,1.304009,103.787857,457,41
45:33.6,SGP-M1,5G-NR,-87.1,-14.3,29.903,29.928,1.304046,103.787897,457,42
45:34.1,SGP-M1,5G-NR,-89.3,-15.4,29.969,30.044,1.304082,103.787938,457,43
45:35.0,SGP-M1,5G-NR,-90.2,-16.3,29.821,30.521,1.304082,103.787938,457,43
45:35.5,SGP-M1,5G-NR,-91.8,-16.6,29.925,30.168,1.304149,103.788029,457,44
45:36.0,SGP-M1,5G-NR,-79.6,-10.6,29.906,31.246,1.304188,103.788077,458,44
45:36.5,SGP-M1,5G-NR,-82.4,-11.2,29.898,30.126,1.304226,103.788126,458,45
45:37.0,SGP-M1,5G-NR,-82.8,-11,29.852,30.213,1.304258,103.788174,458,44
45:37.5,SGP-M1,5G-NR,-80.7,-10.9,29.857,30.844,1.30429,103.788223,458,44
45:38.0,SGP-M1,5G-NR,-80.9,-10.9,29.875,30.411,1.304352,103.788315,458,44
45:38.5,SGP-M1,5G-NR,-81.7,-10.9,29.928,30.501,1.304385,103.788364,458,45
45:39.0,SGP-M1,5G-NR,-80.5,-10.8,29.871,30.017,1.304417,103.788414,458,46
45:39.5,SGP-M1,5G-NR,-75.8,-10.5,29.873,30.846,1.304448,103.788464,458,45
45:40.0,SGP-M1,5G-NR,-75.2,-10.5,10.767,30.903,1.304479,103.788515,458,45
45:40.6,SGP-M1,5G-NR,-72.3,-10.5,22.616,7.939,1.304479,103.788515,458,45
45:41.1,SGP-M1,5G-NR,-75.1,-10.5,29.802,26.143,1.304539,103.788613,458,45
45:41.5,SGP-M1,5G-NR,-77.3,-10.6,29.772,31.102,1.304572,103.788661,458,45
45:42.1,SGP-M1,5G-NR,-79,-10.7,30.208,30.358,1.304604,103.788709,458,45
45:42.6,SGP-M1,5G-NR,-83.3,-11.2,29.669,31.143,1.304604,103.788709,458,45
45:43.1,SGP-M1,5G-NR,-83.2,-11.5,29.817,29.732,1.304671,103.788791,458,42
45:44.0,SGP-M1,5G-NR,-83.3,-11.2,29.902,30.838,1.304671,103.788791,458,42
45:44.5,SGP-M1,5G-NR,-84.8,-11.3,29.874,30.926,1.304727,103.788863,458,40
45:45.0,SGP-M1,5G-NR,-83.9,-11,29.858,30.92,1.304754,103.788902,458,39
45:45.5,SGP-M1,5G-NR,-83.4,-11,29.867,30.262,1.304781,103.788942,458,38
45:46.0,SGP-M1,5G-NR,-82,-10.8,29.918,30.664,1.30481,103.788973,458,36
45:46.5,SGP-M1,5G-NR,-81.5,-10.8,30.079,31.328,1.304839,103.789005,458,35
45:47.0,SGP-M1,5G-NR,-77.8,-10.6,30.06,30.902,1.304872,103.789037,458,34
45:47.5,SGP-M1,5G-NR,-76.6,-10.6,29.839,31.222,1.304905,103.78907,458,34
45:48.0,SGP-M1,5G-NR,-81.6,-11.6,29.876,30.35,1.304965,103.789122,458,30
45:48.5,SGP-M1,5G-NR,-79.4,-11.4,29.901,30.204,1.304994,103.789155,458,30
45:49.0,SGP-M1,5G-NR,-79.3,-11.7,29.864,30.661,1.305023,103.789189,458,30
45:49.5,SGP-M1,5G-NR,-77,-11.9,29.86,31.059,1.305034,103.789238,458,30
45:50.0,SGP-M1,5G-NR,-76.7,-11.3,30.11,29.699,1.305044,103.789287,458,30
45:50.6,SGP-M1,5G-NR,-76.6,-10.8,7.159,5.007,1.305044,103.789287,458,30
45:51.1,SGP-M1,5G-NR,-78.9,-11.2,22.866,25.429,1.305082,103.789355,458,30
45:51.7,SGP-M1,5G-NR,-82.6,-11.9,29.857,29.858,1.305082,103.789355,458,30
45:52.2,SGP-M1,5G-NR,-82.1,-11.7,29.91,30.235,1.305121,103.78942,458,30
45:52.6,SGP-M1,5G-NR,-83.7,-12.4,29.922,30.308,1.305135,103.789455,458,29
45:53.2,SGP-M1,5G-NR,-83.4,-11.9,29.974,30.135,1.305148,103.789491,458,29
45:53.7,SGP-M1,5G-NR,-84.5,-13.1,29.72,29.703,1.305167,103.789522,458,28
45:54.2,SGP-M1,5G-NR,-84.7,-14,29.995,30.859,1.305186,103.789553,458,29
45:55.0,SGP-M1,5G-NR,-84.7,-12.8,29.926,30.125,1.305186,103.789553,458,29
45:55.5,SGP-M1,5G-NR,-83.1,-12.5,29.819,29.756,1.305227,103.789621,458,31
45:56.0,SGP-M1,5G-NR,-85,-12.9,29.985,29.413,1.30525,103.789653,458,31
45:56.5,SGP-M1,5G-NR,-86,-12.8,29.817,30.297,1.305272,103.789685,458,31
45:57.0,SGP-M1,5G-NR,-86.4,-14.2,29.904,30.198,1.305295,103.789718,458,32
45:57.5,SGP-M1,5G-NR,-87.5,-14.5,29.947,29.837,1.305317,103.789752,458,33
45:58.0,SGP-M1,5G-NR,-87.7,-14.9,29.759,29.866,1.305363,103.789816,458,34
45:58.5,SGP-M1,5G-NR,-87.3,-16.1,23.508,27.14,1.305391,103.789849,458,35
45:59.0,SGP-M1,5G-NR,-83.3,-13,27.296,20.566,1.305418,103.789883,232,36
45:59.5,SGP-M1,5G-NR,-82.4,-12.6,34.707,30.465,1.305449,103.789916,232,36
46:00.0,SGP-M1,5G-NR,-81.2,-12.2,34.071,37.247,1.30548,103.78995,232,37
46:00.6,SGP-M1,5G-NR,-74.7,-11.4,29.925,30.227,1.30548,103.78995,232,37
46:01.1,SGP-M1,5G-NR,-73.9,-11.6,7.004,4.503,1.305546,103.790019,232,39
46:01.6,SGP-M1,5G-NR,-71.2,-11.2,25.215,28.791,1.305581,103.790053,232,39
46:02.1,SGP-M1,5G-NR,-72.5,-11.1,29.797,29.81,1.305615,103.790087,232,40
46:02.6,SGP-M1,5G-NR,-79.4,-11.8,29.954,30.871,1.305654,103.790122,232,41
46:03.1,SGP-M1,5G-NR,-81,-12,29.756,30.528,1.305692,103.790157,232,42
46:03.8,SGP-M1,5G-NR,-81.9,-12.1,29.971,30.12,1.305692,103.790157,232,42
46:04.4,SGP-M1,5G-NR,-81.5,-12.2,29.89,30.422,1.305772,103.790225,232,42
46:04.8,SGP-M1,5G-NR,-80.2,-12,29.858,30.792,1.305813,103.790257,232,42
46:05.4,SGP-M1,5G-NR,-81.8,-12.1,29.94,30.084,1.305853,103.790289,232,42
46:05.9,SGP-M1,5G-NR,-80.6,-12.1,29.801,30.835,1.305895,103.79032,232,41
46:06.4,SGP-M1,5G-NR,-71.8,-10.8,29.919,29.882,1.305937,103.790351,232,41
46:07.0,SGP-M1,5G-NR,-67.8,-10.5,29.848,30.131,1.305937,103.790351,232,41
46:07.5,SGP-M1,5G-NR,-67.9,-10.5,29.93,31.047,1.30602,103.790411,232,40
46:08.0,SGP-M1,5G-NR,-73.7,-10.6,29.916,29.979,1.306062,103.790438,232,39
46:08.5,SGP-M1,5G-NR,-74,-10.9,29.833,30.335,1.306103,103.790466,232,39
46:09.0,SGP-M1,5G-NR,-69.5,-10.5,29.909,30.477,1.306146,103.790492,232,39
46:09.5,SGP-M1,5G-NR,-70.2,-10.4,29.895,30.545,1.306188,103.790519,232,39
46:10.0,SGP-M1,5G-NR,-72.2,-10.6,29.824,30.265,1.306272,103.790571,232,39
46:10.5,SGP-M1,5G-NR,-69.2,-10.4,29.833,30.165,1.306315,103.790595,232,38
46:11.0,SGP-M1,5G-NR,-72.6,-10.6,30.053,30.303,1.306357,103.790619,232,38
46:11.5,SGP-M1,5G-NR,-69.4,-10.4,4.55,30.42,1.306399,103.79064,232,37
46:12.0,SGP-M1,5G-NR,-66.1,-10.4,21.394,1.001,1.306441,103.790662,232,36
46:12.6,SGP-M1,5G-NR,-61.8,-10.3,29.864,30.925,1.306441,103.790662,232,36
46:13.1,SGP-M1,5G-NR,-68.5,-10.5,29.861,30.022,1.306523,103.790702,232,34
46:14.0,SGP-M1,5G-NR,-72.8,-10.5,29.809,30.053,1.306523,103.790702,232,34
46:14.5,SGP-M1,5G-NR,-69,-10.5,29.868,30.344,1.306599,103.790737,232,32
46:15.0,SGP-M1,5G-NR,-69.2,-10.5,29.921,30.418,1.306599,103.790737,232,32
46:15.5,SGP-M1,5G-NR,-69.2,-10.5,29.908,30.456,1.306699,103.79078,232,27
46:16.0,SGP-M1,5G-NR,-68.6,-10.4,29.847,31.276,1.306732,103.790794,232,27
46:16.6,SGP-M1,5G-NR,-74.7,-10.8,29.865,29.954,1.306732,103.790794,232,27
46:17.1,SGP-M1,5G-NR,-73.1,-11.3,30.012,30.06,1.306793,103.790818,232,26
46:17.5,SGP-M1,5G-NR,-75.6,-11.1,29.95,30.854,1.306818,103.790828,232,24
46:18.1,SGP-M1,5G-NR,-79.4,-11.2,29.754,30.395,1.306843,103.790839,232,23
46:18.7,SGP-M1,5G-NR,-80.6,-11.2,29.816,30.076,1.306843,103.790839,232,23
46:19.2,SGP-M1,5G-NR,-80.3,-11.3,29.914,30.157,1.306884,103.790854,232,19
46:20.0,SGP-M1,5G-NR,-79.5,-11.5,29.866,31.386,1.306884,103.790854,232,19
46:20.5,SGP-M1,5G-NR,-82,-11.7,29.889,30.581,1.306914,103.790861,232,14
46:21.0,SGP-M1,5G-NR,-81.9,-12.1,29.864,29.716,1.306939,103.790871,232,12
46:21.6,SGP-M1,5G-NR,-80.8,-11.4,29.895,30.223,1.306939,103.790871,232,12
46:22.1,SGP-M1,5G-NR,-82.4,-12.3,8.553,30.409,1.306955,103.790875,232,8
46:22.7,SGP-M1,5G-NR,-79.2,-11.1,23.801,30.339,1.306955,103.790875,232,8
46:23.2,SGP-M1,5G-NR,-85.2,-11.7,29.894,30.371,1.306959,103.790883,232,3
46:24.0,SGP-M1,5G-NR,-82.5,-11.2,29.812,29.937,1.306959,103.790883,232,3
46:24.5,SGP-M1,5G-NR,-80.8,-10.7,29.917,29.797,1.306962,103.790882,232,0
46:25.2,SGP-M1,5G-NR,-80.5,-10.6,29.917,30.429,1.306961,103.790881,232,0
46:25.7,SGP-M1,5G-NR,-80.3,-10.5,29.84,30.262,1.306961,103.790881,232,0
46:26.2,SGP-M1,5G-NR,-80.9,-10.7,29.885,31.056,1.306962,103.790878,232,0
46:27.0,SGP-M1,5G-NR,-80,-10.5,29.978,30.677,1.306962,103.790878,232,0
46:27.5,SGP-M1,5G-NR,-80.6,-10.8,29.865,29.879,1.306959,103.790879,232,0
46:28.0,SGP-M1,5G-NR,-78.5,-10.5,29.899,31.17,1.306963,103.790877,232,0
46:28.7,SGP-M1,5G-NR,-78.7,-10.5,29.868,30.253,1.306963,103.790877,232,0
46:29.2,SGP-M1,5G-NR,-79,-10.5,29.979,30.01,1.306965,103.790879,232,0
46:29.7,SGP-M1,5G-NR,-79.3,-10.4,29.868,29.905,1.306965,103.790879,232,0
46:30.2,SGP-M1,5G-NR,-79,-10.4,29.853,30.839,1.306966,103.790879,232,0
46:31.0,SGP-M1,5G-NR,-79.7,-10.5,29.785,30.4,1.306966,103.790879,232,0
46:31.5,SGP-M1,5G-NR,-80.1,-10.6,29.921,28.865,1.306968,103.79088,232,0
46:32.0,SGP-M1,5G-NR,-79.8,-10.6,29.829,31.575,1.306969,103.790879,232,0
46:32.7,SGP-M1,5G-NR,-79.5,-10.8,6.091,23.991,1.306969,103.790879,232,0
46:33.2,SGP-M1,5G-NR,-80.3,-11.1,22.008,5.278,1.306971,103.790879,232,0
46:33.7,SGP-M1,5G-NR,-80.2,-10.8,29.907,30.616,1.306971,103.790879,232,0
46:34.2,SGP-M1,5G-NR,-80.8,-10.8,29.824,30.122,1.306972,103.790879,232,0
46:35.0,SGP-M1,5G-NR,-79.7,-10.6,29.825,29.606,1.306972,103.790879,232,0
46:35.5,SGP-M1,5G-NR,-80.3,-10.6,29.965,29.214,1.306974,103.790878,232,0
46:36.0,SGP-M1,5G-NR,-81.4,-10.9,29.935,31.494,1.306978,103.790874,232,0
46:36.8,SGP-M1,5G-NR,-81.6,-10.8,29.917,30.221,1.306978,103.790874,232,0
46:37.3,SGP-M1,5G-NR,-82.7,-11.2,29.79,30.267,1.306981,103.790872,232,0
46:37.8,SGP-M1,5G-NR,-82.2,-10.7,29.726,29.844,1.306981,103.790872,232,0
46:38.3,SGP-M1,5G-NR,-81.4,-10.7,30.038,29.882,1.306983,103.790871,232,0
46:39.0,SGP-M1,5G-NR,-80.8,-10.6,29.915,30.635,1.306983,103.790871,232,0
46:39.5,SGP-M1,5G-NR,-80,-10.6,29.89,30.443,1.306985,103.790871,232,0
46:40.0,SGP-M1,5G-NR,-80.3,-10.7,29.827,30.009,1.306985,103.790872,232,0
46:40.8,SGP-M1,5G-NR,-81.3,-10.9,29.916,30.389,1.306985,103.790872,232,0
46:41.3,SGP-M1,5G-NR,-81,-10.6,29.877,30.013,1.306987,103.790874,232,0
46:41.9,SGP-M1,5G-NR,-84.8,-11.7,29.946,30.693,1.306987,103.790874,232,0
46:42.4,SGP-M1,5G-NR,-81.8,-11.3,29.858,29.83,1.30699,103.790878,232,1
46:43.0,SGP-M1,5G-NR,-81.1,-10.8,7.929,22.162,1.30699,103.790878,232,1
46:43.5,SGP-M1,5G-NR,-83.3,-11,24.345,11.692,1.306995,103.790881,232,1
46:44.0,SGP-M1,5G-NR,-82.8,-11.7,29.937,30.472,1.306998,103.790883,232,0
46:44.8,SGP-M1,5G-NR,-88.2,-13.5,29.867,30.567,1.306998,103.790883,232,0
46:45.3,SGP-M1,5G-NR,-83.7,-11.6,29.863,30.68,1.306999,103.790884,232,0
46:46.0,SGP-M1,5G-NR,-80.9,-10.9,29.824,30.223,1.306999,103.790884,232,0
46:46.5,SGP-M1,5G-NR,-84.2,-12.4,29.905,30.772,1.307005,103.790888,232,2
46:47.0,SGP-M1,5G-NR,-87.1,-13.2,29.903,30.265,1.307017,103.790892,232,5
46:47.6,SGP-M1,5G-NR,-84.9,-12.6,29.935,29.965,1.307017,103.790892,232,5
46:48.0,SGP-M1,5G-NR,-85.4,-12.3,29.823,29.999,1.307034,103.790899,232,7
46:48.8,SGP-M1,5G-NR,-84.4,-12.6,29.879,30.127,1.307034,103.790899,232,7
46:49.3,SGP-M1,5G-NR,-85.7,-12.8,29.877,30.752,1.307059,103.790906,232,10
46:49.9,SGP-M1,5G-NR,-85.7,-13.4,29.884,29.645,1.307074,103.790909,232,10
46:50.4,SGP-M1,5G-NR,-86.7,-13.2,30.201,30.108,1.307089,103.790912,232,11
46:50.9,SGP-M1,5G-NR,-73.8,-10.5,29.572,18.405,1.307089,103.790912,549,11
46:51.4,SGP-M1,5G-NR,-81.3,-12.3,23.428,20.605,1.307114,103.790919,549,10
46:52.0,SGP-M1,5G-NR,-89,-15.3,31.164,27.986,1.307114,103.790919,549,10
46:52.5,SGP-M1,5G-NR,-84.3,-13.9,34.452,33.458,1.307139,103.790925,549,10
46:53.0,SGP-M1,5G-NR,-81.5,-12.5,21.041,23.973,1.307157,103.790928,549,12
46:53.5,SGP-M1,5G-NR,-81.6,-13.5,6.685,20.961,1.307175,103.790932,549,14
46:54.0,SGP-M1,5G-NR,-81.8,-15.9,14.905,5.709,1.307216,103.790942,549,15
46:54.5,SGP-M1,5G-NR,-80.4,-12.6,29.965,30.029,1.307253,103.790956,549,18
46:55.0,SGP-M1,5G-NR,-86.6,-15,29.83,30.108,1.30729,103.790971,549,21
46:55.5,SGP-M1,5G-NR,-86.7,-16,29.876,28.299,1.307322,103.790981,549,22
46:56.0,SGP-M1,5G-NR,-88.4,-15.4,11.659,13.841,1.307354,103.790991,549,24
46:56.7,SGP-M1,5G-NR,-87.6,-13.6,1.36,1.209,1.307354,103.790991,549,24
46:57.2,SGP-M1,5G-NR,-87.2,-14,0.357,0.585,1.307425,103.791014,549,27
46:57.5,SGP-M1,5G-NR,-84.1,-12.5,1.406,1.976,1.30746,103.791027,549,27
46:58.1,SGP-M1,5G-NR,-77.5,-11.2,51.518,45.866,1.307495,103.791041,232,29
46:58.9,SGP-M1,5G-NR,-82.7,-13.4,53.426,57.208,1.307495,103.791041,232,29
46:59.4,SGP-M1,5G-NR,-85.8,-13.5,55.511,56.168,1.307566,103.791057,232,28
46:59.9,SGP-M1,5G-NR,-82.5,-12.1,55.268,49.054,1.307603,103.791067,232,28
47:00.4,SGP-M1,5G-NR,-83.2,-12.3,38.476,29.152,1.307639,103.791078,232,29
47:01.0,SGP-M1,5G-NR,-84.9,-13.4,29.79,14.146,1.307639,103.791078,232,29
47:01.4,SGP-M1,5G-NR,-80,-10.9,17.499,16.43,1.307705,103.791103,549,27
47:02.0,SGP-M1,5G-NR,-78.9,-10.8,26.043,26.819,1.307705,103.791103,549,27
47:02.5,SGP-M1,5G-NR,-76.8,-10.8,14.832,17.129,1.307765,103.791129,549,26
47:03.0,SGP-M1,5G-NR,-78.8,-11.4,0.736,0.796,1.307791,103.791145,549,24
47:03.5,SGP-M1,5G-NR,-84.9,-17.2,0.357,0.381,1.307817,103.791162,549,23
47:04.0,SGP-M1,5G-NR,-83.1,-17.1,5.209,15.034,1.307817,103.791162,549,23
47:04.5,SGP-M1,5G-NR,-78.8,-12.4,13.081,7.585,1.307849,103.791211,232,22
47:05.0,SGP-M1,5G-NR,-77.1,-11,29.828,30.706,1.30786,103.791237,232,22
47:05.5,SGP-M1,5G-NR,-76.7,-11.1,30.292,31.135,1.307871,103.791264,232,22
47:06.0,SGP-M1,5G-NR,-76,-11,29.502,29.856,1.307879,103.791322,232,22
47:06.5,SGP-M1,5G-NR,-78.8,-11.1,29.937,30.07,1.307872,103.791354,232,23
47:07.0,SGP-M1,5G-NR,-77.9,-11.6,29.825,30.944,1.307865,103.791385,232,25
47:07.5,SGP-M1,5G-NR,-82,-12.8,29.905,30.73,1.307856,103.791419,232,26
47:08.0,SGP-M1,5G-NR,-73.9,-10.9,29.802,30.203,1.307846,103.791453,232,28
47:08.5,SGP-M1,5G-NR,-77,-11.6,29.96,30.831,1.307833,103.791485,232,28
47:09.0,SGP-M1,5G-NR,-75,-11.1,29.933,30.884,1.307819,103.791516,232,29
47:09.5,SGP-M1,5G-NR,-76.8,-11.9,29.861,30.652,1.307805,103.791552,232,30
47:10.0,SGP-M1,5G-NR,-76.8,-11.7,29.83,31.2,1.307791,103.791588,232,31
47:10.8,SGP-M1,5G-NR,-69.7,-11,29.895,30.198,1.307791,103.791588,232,31
47:11.3,SGP-M1,5G-NR,-69.2,-10.8,29.855,30.576,1.307761,103.791664,232,34
47:11.8,SGP-M1,5G-NR,-67.3,-10.6,29.902,30.071,1.307748,103.791706,232,34
47:12.4,SGP-M1,5G-NR,-68.5,-11,29.871,30.624,1.307735,103.791747,232,35
47:12.9,SGP-M1,5G-NR,-69.2,-10.8,30.051,29.975,1.307718,103.791788,232,35
47:13.4,SGP-M1,5G-NR,-71.4,-11.3,29.762,30.821,1.3077,103.791829,232,36
47:14.0,SGP-M1,5G-NR,-71.3,-15.2,29.817,25.466,1.3077,103.791829,232,36
47:14.5,SGP-M1,5G-NR,-72.5,-12.8,28.575,13.961,1.307666,103.791916,232,37
47:15.0,SGP-M1,5G-NR,-73.4,-13,0.002,2.398,1.307666,103.791916,232,37
47:15.5,SGP-M1,5G-NR,-74,-13.1,0.012,3.222,1.307623,103.792004,232,37
47:16.0,SGP-M1,5G-NR,-78.2,-13.6,10.285,1.757,1.307603,103.792046,232,37
47:16.5,SGP-M1,5G-NR,-94.5,-22,25.987,26.201,1.307583,103.792088,232,37
47:17.0,SGP-M1,5G-NR,-73.7,-11,38.473,46.889,1.307559,103.792125,549,36
47:17.5,SGP-M1,5G-NR,-73.8,-11.5,29.795,29.647,1.307535,103.792162,549,35
47:18.0,SGP-M1,5G-NR,-71,-11.3,29.94,30.547,1.307485,103.792247,549,37
47:18.6,SGP-M1,5G-NR,-74.1,-11.9,29.831,30.673,1.307464,103.792286,549,36
47:19.1,SGP-M1,5G-NR,-65.2,-10.6,29.86,30.504,1.307442,103.792324,549,36
47:19.7,SGP-M1,5G-NR,-72.5,-11.2,29.898,30.933,1.307442,103.792324,549,36
47:20.2,SGP-M1,5G-NR,-75.8,-12.1,29.901,31.534,1.30739,103.792407,549,38
47:20.7,SGP-M1,5G-NR,-74.9,-12.2,29.855,29.959,1.307366,103.792446,549,37
47:21.3,SGP-M1,5G-NR,-78.7,-14.2,29.882,30.273,1.307341,103.792484,549,37
47:21.8,SGP-M1,5G-NR,-79.2,-15.4,29.982,29.256,1.307316,103.792524,549,37
47:22.2,SGP-M1,5G-NR,-75,-12.1,29.879,31.833,1.30729,103.792563,549,37
47:23.0,SGP-M1,5G-NR,-72.6,-10.8,29.89,30.094,1.30729,103.792563,549,37
47:23.5,SGP-M1,5G-NR,-80.1,-11.9,29.836,30.761,1.30724,103.792643,549,37
47:24.0,SGP-M1,5G-NR,-81.9,-12,29.935,29.499,1.307188,103.792726,549,38
47:24.5,SGP-M1,5G-NR,-76.6,-10.9,29.909,31.428,1.30716,103.792768,549,39
47:25.0,SGP-M1,5G-NR,-80.6,-11.5,29.86,30.054,1.307132,103.792809,549,40
47:25.6,SGP-M1,5G-NR,-83.1,-13.1,29.919,30.434,1.307132,103.792809,549,40
47:26.1,SGP-M1,5G-NR,-83.8,-12.9,14.869,12.346,1.307077,103.792892,549,40
47:26.6,SGP-M1,5G-NR,-86.4,-13.1,18.326,18.286,1.30705,103.792936,549,40
47:27.1,SGP-M1,5G-NR,-89.8,-14.6,29.066,24.665,1.307022,103.792979,549,41
47:27.6,SGP-M1,5G-NR,-92.1,-17,15.188,15.114,1.307022,103.792979,549,41
47:28.1,SGP-M1,5G-NR,-87.9,-12.3,23.606,25.517,1.306961,103.793066,232,40
47:29.0,SGP-M1,5G-NR,-87.1,-12.4,36.782,32.279,1.306961,103.793066,232,40
47:29.5,SGP-M1,5G-NR,-88.3,-12.6,32.855,35.552,1.306907,103.793149,232,39
47:30.0,SGP-M1,5G-NR,-87.6,-12.4,43.117,36.158,1.306882,103.793194,232,39
47:30.5,SGP-M1,5G-NR,-88.5,-13,29.885,45.808,1.306856,103.793238,232,39
47:31.0,SGP-M1,5G-NR,-92.1,-14.6,29.885,30.49,1.306805,103.793317,232,38
47:31.6,SGP-M1,5G-NR,-90,-14,29.942,30.645,1.306805,103.793317,232,38
47:32.1,SGP-M1,5G-NR,-93,-14.9,29.839,29.244,1.306755,103.793396,232,37
47:32.6,SGP-M1,5G-NR,-91,-13.8,29.858,32.118,1.306726,103.793446,232,38
47:33.1,SGP-M1,5G-NR,-91,-13.6,29.886,30.113,1.306696,103.793495,232,40
47:33.6,SGP-M1,5G-NR,-88.6,-12.1,29.942,31.125,1.306669,103.793534,232,39
47:34.0,SGP-M1,5G-NR,-82.6,-12.4,27.424,31.125,1.306642,103.793573,549,39
47:34.5,SGP-M1,5G-NR,-88.8,-14.2,8.765,17.302,1.306615,103.793618,549,40
47:35.0,SGP-M1,5G-NR,-87.9,-14.6,10.852,9.906,1.306587,103.793663,549,41
47:35.6,SGP-M1,5G-NR,-96,-17.6,1.362,0.467,1.306587,103.793663,549,41
47:36.1,SGP-M1,5G-NR,-98.2,-17.6,0,0.08,1.306528,103.793758,549,43
47:36.7,SGP-M1,5G-NR,-95.5,-16.1,0.001,2.012,1.306528,103.793758,233,43
47:37.5,SGP-M1,5G-NR,-96.3,-15.4,0.015,6.663,1.306469,103.793846,233,43
47:38.0,SGP-M1,5G-NR,-97.4,-16.5,10.486,1.064,1.306449,103.793897,233,43
47:38.5,SGP-M1,5G-NR,-97.7,-16.1,2.57,2.351,1.306429,103.793947,233,43
47:39.0,SGP-M1,5G-NR,-98.4,-16.5,3.881,2.684,1.306354,103.794032,233,43
47:39.5,SGP-M1,5G-NR,-98.8,-16.1,3.386,4.174,1.306322,103.794079,233,43
47:40.0,SGP-M1,5G-NR,-100.1,-18.5,2.281,3.24,1.30629,103.794125,233,44
47:40.6,SGP-M1,5G-NR,-98.5,-16,1.36,1.069,1.30629,103.794125,233,44
47:41.1,SGP-M1,5G-NR,-100.4,-17.1,2.229,3.319,1.306211,103.794201,233,44
47:41.8,SGP-M1,5G-NR,-100.7,-18.2,4.404,4.733,1.306211,103.794201,233,44
47:42.4,SGP-M1,5G-NR,-101.1,-18.8,4.146,4.021,1.306136,103.794285,233,43
47:42.9,SGP-M1,5G-NR,-98.3,-16.3,5.017,5.58,1.306102,103.794326,233,42
47:43.4,SGP-M1,5G-NR,-96.8,-16.7,5.476,4.871,1.306067,103.794366,233,42
47:43.6,SGP-M1,5G-NR,-102.1,-20.3,1.917,1.324,1.306033,103.794405,233,41
47:44.1,SGP-M1,5G-NR,-96.9,-16.2,4.327,5.746,1.305999,103.794444,207,41
47:45.0,SGP-M1,5G-NR,-104,-20,8.003,7.426,1.305999,103.794444,207,41
47:45.5,SGP-M1,5G-NR,-99.3,-17.3,7.312,8.347,1.305932,103.794516,207,39
47:46.0,SGP-M1,5G-NR,-101,-18.5,6.148,7.541,1.30586,103.794589,207,40
47:46.5,SGP-M1,5G-NR,-113.4,-25.2,4.158,6.152,1.30586,103.794589,207,40
47:47.0,SGP-M1,5G-NR,-93.8,-14.4,6.815,3.601,1.305828,103.794628,209,39
47:47.5,SGP-M1,5G-NR,-99.8,-19.4,10.735,8.552,1.305796,103.794667,209,39
47:48.0,SGP-M1,5G-NR,-104,-21,3.488,11.675,1.305729,103.794736,209,38
47:48.6,SGP-M1,5G-NR,-106.5,-22.7,0.001,5.562,1.305729,103.794736,209,38
47:49.1,SGP-M1,5G-NR,-91.2,-14.9,2.369,4.889,1.305653,103.7948,453,38
47:49.6,SGP-M1,5G-NR,-93.7,-15.6,29.938,30.482,1.305627,103.794841,453,38
47:50.1,SGP-M1,5G-NR,-90.6,-14,29.878,31.456,1.305601,103.794881,453,39
47:50.5,SGP-M1,5G-NR,-80,-11.5,28.783,31.456,1.305567,103.794918,551,39
47:51.0,SGP-M1,5G-NR,-80.8,-11.2,29.706,22.692,1.305533,103.794954,551,39
47:51.5,SGP-M1,5G-NR,-82.3,-14,20.122,31.042,1.305503,103.79499,551,38
47:52.0,SGP-M1,5G-NR,-85.7,-16.4,14.01,22.581,1.305472,103.795026,551,38
47:52.5,SGP-M1,5G-NR,-86.6,-18.4,35.49,38.625,1.305472,103.795026,551,38
47:53.0,SGP-M1,5G-NR,-76.2,-10.7,51.244,57.522,1.305409,103.795092,453,37
47:53.5,SGP-M1,5G-NR,-76.8,-11.1,29.92,30.442,1.305378,103.795128,453,37
47:54.0,SGP-M1,5G-NR,-83.1,-12.7,29.776,30.137,1.305346,103.795163,453,38
47:54.7,SGP-M1,5G-NR,-87.1,-16,29.916,30.516,1.305346,103.795163,453,38
47:55.2,SGP-M1,5G-NR,-88,-14.3,29.843,29.716,1.305279,103.79524,453,38
47:55.7,SGP-M1,5G-NR,-86.9,-13.1,29.972,30.009,1.305248,103.795282,453,38
47:56.2,SGP-M1,5G-NR,-87,-14.9,29.861,30.499,1.305217,103.795323,453,38
47:57.0,SGP-M1,5G-NR,-86.2,-14.2,30.047,30.129,1.305217,103.795323,453,38
47:57.5,SGP-M1,5G-NR,-84.3,-14.2,29.797,29.835,1.305148,103.79539,453,37
47:58.0,SGP-M1,5G-NR,-82.2,-13.2,29.843,30.802,1.30509,103.795469,453,38
47:58.6,SGP-M1,5G-NR,-77.6,-11.3,29.856,30.386,1.30509,103.795469,453,38
47:59.1,SGP-M1,5G-NR,-75.8,-10.6,27.476,25.518,1.305016,103.79553,453,37
47:59.6,SGP-M1,5G-NR,-75.6,-10.6,4.065,6.922,1.304982,103.795563,453,37
48:00.1,SGP-M1,5G-NR,-74.7,-10.5,29.866,30.351,1.304947,103.795596,453,38
48:00.8,SGP-M1,5G-NR,-77.6,-10.9,29.83,30.449,1.304947,103.795596,453,38
48:01.3,SGP-M1,5G-NR,-79,-11.4,29.955,30.256,1.304882,103.795677,453,41
48:02.0,SGP-M1,5G-NR,-79.6,-11.3,29.953,30.63,1.304882,103.795677,453,41
48:02.5,SGP-M1,5G-NR,-74,-10.7,29.847,30.41,1.304818,103.795759,453,41
48:03.0,SGP-M1,5G-NR,-83.7,-12.7,29.841,28.399,1.30478,103.795802,453,42
48:03.5,SGP-M1,5G-NR,-89.6,-14.2,29.919,31.648,1.304742,103.795844,453,43
48:04.0,SGP-M1,5G-NR,-89.2,-15.9,29.939,30.61,1.304705,103.795876,453,42
48:04.5,SGP-M1,5G-NR,-90.4,-16.4,24.162,26.669,1.304667,103.795908,453,42
48:05.0,SGP-M1,5G-NR,-92.9,-16.4,14.509,19.195,1.304631,103.795951,453,42
48:05.5,SGP-M1,5G-NR,-95.3,-19.6,11.489,14.412,1.304595,103.795994,453,43
48:06.0,SGP-M1,5G-NR,-86.2,-11.4,49.267,16.858,1.304559,103.796037,551,44
48:06.5,SGP-M1,5G-NR,-83.6,-10.9,49.401,52.316,1.304522,103.79608,551,45
48:07.0,SGP-M1,5G-NR,-85.3,-11.1,30.455,46.782,1.304445,103.796171,551,45
48:07.5,SGP-M1,5G-NR,-85.1,-11.1,29.821,35.977,1.304408,103.796219,551,45
48:08.0,SGP-M1,5G-NR,-86.4,-11.6,29.936,29.811,1.30437,103.796266,551,46
48:08.5,SGP-M1,5G-NR,-79.8,-10.6,29.774,30.145,1.30433,103.796313,551,46
48:09.0,SGP-M1,5G-NR,-81.1,-10.7,29.925,29.935,1.30429,103.79636,551,47
48:09.5,SGP-M1,5G-NR,-84,-11.8,25.738,30.984,1.30425,103.796405,551,47
48:10.0,SGP-M1,5G-NR,-89.7,-15.1,6.885,22.788,1.30421,103.79645,551,48
48:10.5,SGP-M1,5G-NR,-90.4,-17,29.919,10.476,1.30417,103.796497,551,48
48:11.0,SGP-M1,5G-NR,-87.6,-12.5,29.84,29.875,1.30413,103.796543,209,48
48:11.6,SGP-M1,5G-NR,-86.5,-11.6,29.879,30.006,1.30413,103.796543,209,48
48:12.1,SGP-M1,5G-NR,-87,-12.1,29.838,30.386,1.304063,103.796646,209,47
48:12.7,SGP-M1,5G-NR,-87.5,-11.6,30.304,30.254,1.304063,103.796646,209,47
48:13.2,SGP-M1,5G-NR,-84.3,-10.8,29.494,29.91,1.303987,103.796746,209,48
48:14.0,SGP-M1,5G-NR,-82.8,-10.7,29.899,31.101,1.303987,103.796746,209,48
48:14.5,SGP-M1,5G-NR,-83.6,-10.8,29.831,30.058,1.303911,103.796846,209,49
48:15.0,SGP-M1,5G-NR,-81.9,-10.7,29.971,29.537,1.303834,103.796944,209,49
48:15.5,SGP-M1,5G-NR,-82,-10.6,29.934,30.63,1.303793,103.796992,209,49
48:16.0,SGP-M1,5G-NR,-81.9,-10.6,29.919,30.338,1.303752,103.79704,209,50
48:16.6,SGP-M1,5G-NR,-82.9,-10.8,29.941,30.252,1.303752,103.79704,209,50
48:17.1,SGP-M1,5G-NR,-83.1,-10.5,29.806,30.198,1.30367,103.797137,209,49
48:17.6,SGP-M1,5G-NR,-83.9,-10.6,29.915,30.274,1.30363,103.797183,209,48
48:18.1,SGP-M1,5G-NR,-81.1,-10.5,29.911,30.293,1.303589,103.797228,209,48
48:18.8,SGP-M1,5G-NR,-85.4,-10.7,29.882,30.109,1.303589,103.797228,209,48
48:19.3,SGP-M1,5G-NR,-85.4,-10.9,29.857,29.441,1.303512,103.797324,209,48
48:19.8,SGP-M1,5G-NR,-85.6,-11,29.864,30.124,1.303479,103.797365,209,45
48:20.4,SGP-M1,5G-NR,-87.4,-11.7,23.052,20.573,1.303445,103.797405,209,43
48:21.0,SGP-M1,5G-NR,-86.9,-12.1,29.858,12.455,1.303445,103.797405,209,43
48:21.5,SGP-M1,5G-NR,-88.7,-12.8,29.817,29.959,1.303385,103.797478,209,37
48:22.0,SGP-M1,5G-NR,-88,-13.4,30.001,30.15,1.30333,103.797551,209,36
48:22.6,SGP-M1,5G-NR,-88.3,-12.3,29.818,30.149,1.30333,103.797551,209,36
48:23.1,SGP-M1,5G-NR,-89.9,-12.3,29.816,29.867,1.303267,103.797613,209,37
48:23.6,SGP-M1,5G-NR,-89.7,-11.6,29.966,30.93,1.303234,103.797649,209,37
48:24.1,SGP-M1,5G-NR,-89.3,-11.4,29.955,29.98,1.3032,103.797684,209,38
48:24.6,SGP-M1,5G-NR,-91.2,-11.4,29.805,30.156,1.303166,103.797723,209,38
48:25.1,SGP-M1,5G-NR,-91.4,-11.3,29.934,30.452,1.303132,103.797761,209,39
48:26.0,SGP-M1,5G-NR,-92.9,-11.6,29.876,30.126,1.303132,103.797761,209,39
48:26.5,SGP-M1,5G-NR,-92,-11.6,29.792,27.258,1.303056,103.797833,209,42
48:27.0,SGP-M1,5G-NR,-92.8,-11.9,29.899,28.741,1.303022,103.797872,209,42
48:27.5,SGP-M1,5G-NR,-93.4,-11.6,26.647,26.893,1.302987,103.797911,209,42
48:28.0,SGP-M1,5G-NR,-94.8,-12,12.641,19.516,1.302987,103.797911,209,42
48:28.5,SGP-M1,5G-NR,-96.3,-13.3,13.816,12.092,1.302913,103.797999,209,45
48:29.0,SGP-M1,5G-NR,-97.7,-13,15.103,14.573,1.302874,103.798044,209,45
48:29.5,SGP-M1,5G-NR,-97.2,-12.2,12.068,15.582,1.302834,103.798088,209,45
48:30.0,SGP-M1,5G-NR,-97.8,-11.9,7.149,10.329,1.302793,103.798129,209,45
48:30.5,SGP-M1,5G-NR,-98.2,-12.3,5.365,7.92,1.302751,103.798169,209,46
48:31.0,SGP-M1,5G-NR,-97.8,-12.5,0.012,8.324,1.302712,103.798216,209,46
48:31.5,SGP-M1,5G-NR,-95.8,-12.5,12.201,4.71,1.302673,103.798263,209,47
48:32.0,SGP-M1,5G-NR,-97.1,-13.7,9.795,5.099,1.30259,103.798355,209,48
48:32.5,SGP-M1,5G-NR,-95.3,-13.3,1.005,8.771,1.302549,103.798398,209,47
48:33.0,SGP-M1,5G-NR,-96.9,-14.7,0,0.426,1.302508,103.79844,209,47
48:33.6,SGP-M1,5G-NR,-95.4,-14,0,0.104,1.302466,103.798487,209,48
48:34.5,SGP-M1,5G-NR,-95.7,-14.3,0.401,0.128,1.302423,103.798534,209,49
48:35.0,SGP-M1,5G-NR,-96.9,-15.9,0,0.107,1.302381,103.798578,209,48
48:35.5,SGP-M1,5G-NR,-96.8,-15.1,1.496,0.322,1.302338,103.798622,209,48
48:36.0,SGP-M1,5G-NR,-100.6,-18.2,1.026,1.968,1.302296,103.798667,209,48
48:36.5,SGP-M1,5G-NR,-100.3,-16.7,0,0.343,1.302253,103.798711,209,48
48:37.0,SGP-M1,5G-NR,-100.4,-17.6,0,0.105,1.302173,103.798799,209,47
48:38.0,SGP-M1,5G-NR,-99.4,-15.6,0,0.119,1.302089,103.7989,209,49
48:38.6,SGP-M1,5G-NR,-97.6,-15,0,0.111,1.302051,103.79895,209,49
48:39.1,SGP-M1,5G-NR,-97,-15,0.067,0.109,1.302012,103.798999,209,49
48:39.6,SGP-M1,5G-NR,-97.5,-15.7,0.714,0.977,1.302012,103.798999,209,49
48:40.1,SGP-M1,5G-NR,-106.9,-19.3,1.716,1.937,1.301921,103.799088,209,50
48:40.6,SGP-M1,5G-NR,-98.4,-12.1,2.188,2.76,1.301879,103.799133,453,49
48:41.1,SGP-M1,5G-NR,-98.8,-14.2,5.811,6.042,1.301836,103.799177,453,49
48:42.0,SGP-M1,5G-NR,-101.3,-15.8,0.012,6.173,1.301836,103.799177,453,49
48:42.5,SGP-M1,5G-NR,-103.6,-17.8,11.173,3.663,1.301751,103.799261,453,48
48:43.0,SGP-M1,5G-NR,-102.3,-17.2,7.667,3.676,1.301707,103.799305,453,48
48:43.5,SGP-M1,5G-NR,-99.5,-16.4,9.161,7.627,1.301663,103.799348,453,49
48:44.0,SGP-M1,5G-NR,-98.9,-18.2,7.665,10.034,1.30162,103.799391,453,48
48:44.5,SGP-M1,5G-NR,-94.7,-16.9,6.843,7.935,1.301577,103.799433,453,47
48:45.0,SGP-M1,5G-NR,-99.9,-17,7.232,6.689,1.301498,103.799527,453,48
48:45.5,SGP-M1,5G-NR,-101,-17.2,9.396,7.556,1.301459,103.79957,453,46
48:46.0,SGP-M1,5G-NR,-102.2,-16.8,10.549,10.626,1.301419,103.799612,453,46
48:46.5,SGP-M1,5G-NR,-94.8,-16,6.901,9.703,1.301381,103.799657,453,45
48:47.0,SGP-M1,5G-NR,-100.7,-19.6,12.892,7.064,1.301381,103.799657,453,45
48:47.5,SGP-M1,5G-NR,-94.1,-14.6,20.228,17.3,1.301343,103.799702,207,45
48:48.0,SGP-M1,5G-NR,-94.5,-14.6,24.659,20.959,1.301305,103.799746,207,45
48:48.5,SGP-M1,5G-NR,-94.2,-14.8,26.538,23.713,1.301267,103.799789,207,45
48:49.0,SGP-M1,5G-NR,-92.5,-15,12.487,26.548,1.301192,103.799871,207,44
48:49.5,SGP-M1,5G-NR,-95.3,-14.6,21.116,13.406,1.301152,103.799912,207,44
48:50.0,SGP-M1,5G-NR,-98.5,-16.6,24.972,22.954,1.301112,103.799953,207,45
48:50.6,SGP-M1,5G-NR,-98,-16.7,21.802,22.99,1.301112,103.799953,207,45
48:51.1,SGP-M1,5G-NR,-94.4,-14.7,22.579,23.727,1.301066,103.80003,207,39
48:51.8,SGP-M1,5G-NR,-97.9,-16.2,19.958,20.047,1.301066,103.80003,207,39
48:52.3,SGP-M1,5G-NR,-97.6,-15.7,20.14,23.349,1.301021,103.800102,207,36
48:52.8,SGP-M1,5G-NR,-95.1,-15.5,20.283,22.642,1.300998,103.800134,207,34
48:53.4,SGP-M1,5G-NR,-95.7,-16.2,9.716,9.925,1.300975,103.800165,207,33
48:53.9,SGP-M1,5G-NR,-91.2,-13.3,30.031,33.536,1.300953,103.800197,207,30
48:54.4,SGP-M1,5G-NR,-95.4,-14.8,30.059,30.633,1.30093,103.800229,207,29
48:54.9,SGP-M1,5G-NR,-94.9,-16,29.833,21.296,1.300912,103.800255,207,27
48:55.4,SGP-M1,5G-NR,-97.3,-16.9,18.119,18.217,1.300894,103.800281,207,26
48:56.0,SGP-M1,5G-NR,-99.2,-17.4,16.628,18.061,1.300894,103.800281,207,26
48:56.5,SGP-M1,5G-NR,-100.8,-18.2,12.317,13.906,1.300862,103.800315,207,21
48:57.0,SGP-M1,5G-NR,-98.4,-17.3,6.042,11.834,1.300835,103.800346,207,18
48:57.6,SGP-M1,5G-NR,-99,-17.3,5.858,6.505,1.300835,103.800346,207,18
48:58.1,SGP-M1,5G-NR,-100.6,-18.4,11.553,11.864,1.300814,103.800366,207,12
48:58.9,SGP-M1,5G-NR,-101.6,-18.5,9.717,9.981,1.300814,103.800366,207,12
48:59.1,SGP-M1,5G-NR,-97.9,-16.8,9.701,8.276,1.300806,103.800377,137,7
48:59.9,SGP-M1,5G-NR,-100.3,-16.7,18.2,22.092,1.300806,103.800377,137,7
49:00.5,SGP-M1,5G-NR,-93.2,-13.3,25.201,21.891,1.300801,103.800383,237,3
49:01.0,SGP-M1,5G-NR,-98.5,-16.1,14.986,12.044,1.300801,103.800383,237,3
49:01.5,SGP-M1,5G-NR,-98.2,-15.1,15.44,14.851,1.300797,103.800382,237,0
49:02.0,SGP-M1,5G-NR,-100.9,-16.6,14.627,16.265,1.3008,103.800382,237,0
49:02.6,SGP-M1,5G-NR,-100.1,-16,13.868,15.183,1.3008,103.800382,237,0
49:03.1,SGP-M1,5G-NR,-99.4,-15.8,12.253,16.444,1.300801,103.800382,237,0
49:04.0,SGP-M1,5G-NR,-97.6,-14.4,16.35,1.323,1.300801,103.800382,237,0
49:04.5,SGP-M1,5G-NR,-97.1,-14.1,15.966,11.336,1.300802,103.80038,237,0
49:05.0,SGP-M1,5G-NR,-99,-15.8,15.636,15.405,1.300802,103.800379,237,0
49:05.5,SGP-M1,5G-NR,-96.7,-14.3,18.153,16.531,1.300802,103.800379,237,0
49:06.1,SGP-M1,5G-NR,-96,-14.2,15.567,17.18,1.300803,103.800378,237,0
49:06.6,SGP-M1,5G-NR,-96.7,-14.4,17.259,17.19,1.300803,103.800378,237,0
49:07.5,SGP-M1,5G-NR,-97.7,-14.7,20.09,17.759,1.300803,103.800378,237,0
49:08.0,SGP-M1,5G-NR,-99.3,-15.9,14.145,18.841,1.300802,103.800378,237,0
49:08.6,SGP-M1,5G-NR,-97.9,-15.2,18.795,15.79,1.300802,103.800378,237,0
49:09.1,SGP-M1,5G-NR,-98.5,-15.2,16.569,16.947,1.300801,103.800378,237,0
49:09.6,SGP-M1,5G-NR,-96.8,-13.8,18.305,18.166,1.300801,103.800378,237,0
49:10.1,SGP-M1,5G-NR,-96.4,-13,16.715,16.708,1.3008,103.800379,237,0
49:11.0,SGP-M1,5G-NR,-99.5,-16.1,16.193,17.346,1.3008,103.800379,237,0
49:11.6,SGP-M1,5G-NR,-98.2,-15.5,16.575,16.031,1.3008,103.800379,237,0
49:12.1,SGP-M1,5G-NR,-98.8,-16,16.864,16.768,1.3008,103.800379,237,0
49:13.0,SGP-M1,5G-NR,-99,-16.3,17.122,17.594,1.3008,103.800379,237,0
49:13.5,SGP-M1,5G-NR,-100.8,-17.4,14.992,16.996,1.3008,103.800379,237,0
49:14.1,SGP-M1,5G-NR,-100.8,-17.9,8.348,13.304,1.3008,103.800379,237,0
49:15.0,SGP-M1,5G-NR,-97.6,-15.8,18.485,3.415,1.3008,103.800379,237,0
49:15.6,SGP-M1,5G-NR,-98.6,-15.8,16.615,14.727,1.3008,103.800379,237,0
49:16.1,SGP-M1,5G-NR,-99.4,-17,14.187,15.461,1.3008,103.800379,237,0
49:17.0,SGP-M1,5G-NR,-101.8,-18.2,16.422,16.68,1.3008,103.800379,237,0
49:17.5,SGP-M1,5G-NR,-100.7,-15.7,20.098,17.805,1.3008,103.800379,237,0
49:18.1,SGP-M1,5G-NR,-102.2,-16.9,16.124,17.107,1.3008,103.800379,237,0
49:19.0,SGP-M1,5G-NR,-102.4,-17.9,19.818,18.411,1.3008,103.800379,237,0
49:19.6,SGP-M1,5G-NR,-98.1,-15.6,20.133,20.794,1.3008,103.800379,237,0
49:20.1,SGP-M1,5G-NR,-99.5,-17.4,16.058,18.79,1.300801,103.800379,237,0
49:20.6,SGP-M1,5G-NR,-99,-15.7,16.545,17.107,1.300801,103.800379,237,0
49:21.5,SGP-M1,5G-NR,-110.5,-23.9,17.719,17.192,1.300801,103.800379,237,0
49:22.0,SGP-M1,5G-NR,-101.4,-18.1,5.53,14.223,1.300801,103.800379,135,0
49:22.6,SGP-M1,5G-NR,-120.1,-27.9,3.928,3.624,1.300801,103.800379,135,0
49:23.3,SGP-M1,5G-NR,-88.2,-10.5,1.846,7.075,1.300801,103.800379,207,0
49:24.0,SGP-M1,5G-NR,-87.1,-10.5,42.937,40.883,1.300801,103.800379,207,0
49:24.6,SGP-M1,5G-NR,-87.8,-10.5,36.669,37.168,1.300801,103.800379,207,0
49:25.4,SGP-M1,5G-NR,-86.8,-10.5,5.198,9.076,1.300801,103.800379,207,0
49:26.0,SGP-M1,5G-NR,-86.3,-10.6,29.826,30.407,1.300801,103.800379,207,0
49:26.5,SGP-M1,5G-NR,-86.1,-10.5,29.937,30.622,1.300801,103.800381,207,0
49:27.0,SGP-M1,5G-NR,-82.9,-10.7,29.93,29.341,1.300801,103.800382,207,1
49:27.6,SGP-M1,5G-NR,-86.1,-11.5,30.217,31.363,1.300801,103.800382,207,1
49:28.1,SGP-M1,5G-NR,-87.4,-11,29.466,28.695,1.300798,103.800384,207,1
49:28.9,SGP-M1,5G-NR,-87.5,-11,29.985,31.805,1.300798,103.800384,207,1
49:29.4,SGP-M1,5G-NR,-87.3,-11.1,29.906,30.417,1.300793,103.800389,207,2
49:30.0,SGP-M1,5G-NR,-87,-11.3,29.976,30.521,1.300793,103.800389,207,2
49:30.5,SGP-M1,5G-NR,-87.7,-11,29.775,29.287,1.300785,103.800398,207,6
49:31.0,SGP-M1,5G-NR,-87.9,-11,29.892,30.522,1.300772,103.800414,207,9
49:31.5,SGP-M1,5G-NR,-86.1,-11,29.848,30.793,1.300763,103.800425,207,10
49:32.0,SGP-M1,5G-NR,-89,-11.3,29.94,30.229,1.300753,103.800436,207,12
49:32.6,SGP-M1,5G-NR,-85.5,-11.1,29.855,30.011,1.300753,103.800436,207,12
49:33.1,SGP-M1,5G-NR,-87.6,-11.2,29.927,28.669,1.300732,103.800462,207,13
49:33.6,SGP-M1,5G-NR,-89.7,-11.4,29.881,27.284,1.30072,103.800478,207,14
49:34.1,SGP-M1,5G-NR,-89.1,-11.4,27.878,26.446,1.300707,103.800493,207,16
49:34.6,SGP-M1,5G-NR,-91.5,-11.6,28.231,26.002,1.30069,103.800513,207,17
49:35.1,SGP-M1,5G-NR,-91.6,-11.2,18.773,21.537,1.300673,103.800532,207,19
49:35.6,SGP-M1,5G-NR,-93.4,-11.5,0.02,1.1,1.300656,103.800555,207,20
49:36.1,SGP-M1,5G-NR,-88.4,-10.9,19.607,17.252,1.300639,103.800578,551,22
49:36.6,SGP-M1,5G-NR,-91.9,-11.1,22.319,21.475,1.300619,103.800604,551,23
49:37.1,SGP-M1,5G-NR,-89.9,-11.2,20.449,23.262,1.300599,103.80063,551,25
49:37.6,SGP-M1,5G-NR,-88.8,-11,27.66,26.565,1.300577,103.800658,551,26
49:38.1,SGP-M1,5G-NR,-89.7,-11.9,27.713,27.606,1.300554,103.800685,551,27
49:38.6,SGP-M1,5G-NR,-90.4,-12.3,18.138,18.693,1.300554,103.800685,211,27
49:39.1,SGP-M1,5G-NR,-85.8,-12.4,46.949,61.502,1.300506,103.800742,211,29
49:39.6,SGP-M1,5G-NR,-78.4,-11.9,54.562,47.686,1.30048,103.800773,211,30
49:40.1,SGP-M1,5G-NR,-77,-11.1,29.967,30.778,1.300453,103.800804,211,31
49:40.6,SGP-M1,5G-NR,-78,-10.9,29.792,24.595,1.300426,103.800838,211,32
49:41.1,SGP-M1,5G-NR,-91.2,-13.9,23.64,29.471,1.300399,103.800871,211,33
49:41.8,SGP-M1,5G-NR,-76.5,-10.9,36.084,35.452,1.300399,103.800871,135,33
49:42.3,SGP-M1,5G-NR,-78.7,-10.8,29.936,29.726,1.300345,103.800945,135,36
49:43.0,SGP-M1,5G-NR,-78.4,-10.7,29.84,31.752,1.300345,103.800945,135,36
49:43.5,SGP-M1,5G-NR,-84.1,-11.3,28.045,28.167,1.300283,103.80102,135,38
49:44.0,SGP-M1,5G-NR,-86.4,-11.6,9.701,18.338,1.300251,103.80106,135,39
49:44.2,SGP-M1,5G-NR,-99.7,-16.8,9.701,8.801,1.300218,103.8011,135,41
49:44.7,SGP-M1,5G-NR,-99.6,-16.5,6.609,4.852,1.300183,103.801142,135,42
49:45.2,SGP-M1,5G-NR,-94,-14,0.69,1.533,1.300147,103.801183,136,43
49:45.8,SGP-M1,5G-NR,-91.2,-11.1,1.165,8.444,1.300147,103.801183,551,43
49:46.3,SGP-M1,5G-NR,-93.9,-12.3,2.11,3.484,1.30008,103.801275,551,45
49:46.8,SGP-M1,5G-NR,-94.7,-12,19.868,19.125,1.300041,103.801323,551,46
49:47.3,SGP-M1,5G-NR,-93.8,-12.1,18.978,19.887,1.300002,103.80137,551,48
49:47.8,SGP-M1,5G-NR,-94.7,-13.5,20.198,17.071,1.299962,103.801417,551,48
49:48.3,SGP-M1,5G-NR,-98.5,-14.1,13.471,14.915,1.299921,103.801464,551,48
49:49.0,SGP-M1,5G-NR,-87.5,-12,22.423,16.151,1.299921,103.801464,237,48
49:49.5,SGP-M1,5G-NR,-91.1,-12.2,26.614,24.26,1.299839,103.801557,237,49
49:50.0,SGP-M1,5G-NR,-90.5,-12.6,34.913,32.047,1.299753,103.801657,237,49
49:50.7,SGP-M1,5G-NR,-85.7,-12.2,30.435,29.093,1.299753,103.801657,237,49
49:51.2,SGP-M1,5G-NR,-88.1,-12.5,28.767,29.186,1.299669,103.801749,237,49
49:51.6,SGP-M1,5G-NR,-88.8,-13,30.348,29.186,1.299627,103.801795,237,49
49:52.1,SGP-M1,5G-NR,-83.2,-11.2,60.203,27.667,1.299585,103.801841,137,49
49:52.7,SGP-M1,5G-NR,-77.7,-10.7,58.628,44.497,1.299585,103.801841,137,49
49:53.2,SGP-M1,5G-NR,-83.7,-11.3,29.89,30.335,1.299503,103.801937,137,50
49:54.0,SGP-M1,5G-NR,-77.3,-10.6,29.855,29.774,1.299503,103.801937,137,50
49:54.5,SGP-M1,5G-NR,-75.7,-10.5,29.818,28.804,1.299427,103.80203,137,49
49:55.0,SGP-M1,5G-NR,-72.4,-10.4,29.934,31.499,1.299346,103.802119,137,49
49:55.5,SGP-M1,5G-NR,-73.8,-10.4,30.351,30.696,1.299304,103.802166,137,49
49:56.0,SGP-M1,5G-NR,-77.1,-10.4,29.467,29.949,1.299261,103.802213,137,49
49:56.5,SGP-M1,5G-NR,-76.9,-10.4,9.983,30.328,1.299218,103.802262,137,49
49:57.0,SGP-M1,5G-NR,-77.5,-10.5,24.537,6.816,1.299175,103.80231,137,50
49:57.7,SGP-M1,5G-NR,-76.1,-10.5,29.951,29.957,1.299175,103.80231,137,50
49:58.2,SGP-M1,5G-NR,-67.9,-10.4,29.763,31.927,1.299096,103.802402,137,49
49:58.7,SGP-M1,5G-NR,-67.7,-10.4,29.936,32.154,1.299055,103.802446,137,49
49:59.2,SGP-M1,5G-NR,-70.2,-10.4,29.932,30.872,1.299014,103.80249,137,49
49:59.7,SGP-M1,5G-NR,-69.2,-10.4,29.804,30.172,1.299014,103.80249,137,49
50:00.2,SGP-M1,5G-NR,-75.4,-10.5,29.866,31.373,1.29893,103.802582,137,49
50:01.0,SGP-M1,5G-NR,-83.2,-11,29.879,31.557,1.29893,103.802582,137,49
50:01.5,SGP-M1,5G-NR,-83.2,-10.9,29.966,30.257,1.298845,103.802675,137,50
50:02.0,SGP-M1,5G-NR,-76.4,-10.6,29.879,32.166,1.298803,103.802723,137,50
50:02.5,SGP-M1,5G-NR,-69.5,-10.4,29.816,31.626,1.29876,103.80277,137,50
50:03.0,SGP-M1,5G-NR,-75.1,-10.6,30.002,31.111,1.298674,103.802872,137,52
50:03.5,SGP-M1,5G-NR,-75.9,-10.5,29.828,31.672,1.298629,103.802919,137,51
50:04.0,SGP-M1,5G-NR,-69.1,-10.4,29.851,30.948,1.298584,103.802966,137,51
50:04.7,SGP-M1,5G-NR,-75.5,-10.5,29.752,30.819,1.298584,103.802966,137,51
50:05.2,SGP-M1,5G-NR,-79.5,-11,30.032,30.268,1.298499,103.803063,137,51
50:05.7,SGP-M1,5G-NR,-77.8,-10.7,29.884,31.061,1.298455,103.803111,137,51
50:06.0,SGP-M1,5G-NR,-80.4,-10.9,29.878,31.061,1.298411,103.803158,137,51
50:06.5,SGP-M1,5G-NR,-81.6,-10.8,29.929,30.73,1.298411,103.803158,137,51
50:07.0,SGP-M1,5G-NR,-82.6,-11.2,5.25,22.507,1.298367,103.803207,137,51
50:07.5,SGP-M1,5G-NR,-81.6,-11.3,29.24,13.198,1.298323,103.803255,137,52
50:08.0,SGP-M1,5G-NR,-81.3,-10.9,29.84,30.223,1.298233,103.803355,137,53
50:08.5,SGP-M1,5G-NR,-82.1,-11,29.881,30.311,1.298189,103.803406,137,53
50:09.0,SGP-M1,5G-NR,-82.3,-10.8,29.903,31.138,1.298144,103.803457,137,53
50:09.5,SGP-M1,5G-NR,-82.2,-10.7,29.889,31.305,1.298098,103.803509,137,53
50:10.0,SGP-M1,5G-NR,-84.9,-11,29.816,30.349,1.298052,103.80356,137,54
50:10.8,SGP-M1,5G-NR,-84.4,-10.8,29.89,30.584,1.298052,103.80356,137,54
50:11.3,SGP-M1,5G-NR,-86.2,-11.1,29.918,30.499,1.297966,103.803662,137,54
50:11.8,SGP-M1,5G-NR,-86.1,-11.2,29.829,30.81,1.29792,103.803712,137,53
50:12.3,SGP-M1,5G-NR,-84.7,-10.8,29.935,30.822,1.297874,103.803762,137,53
50:12.8,SGP-M1,5G-NR,-85.6,-11.1,29.819,30.525,1.297874,103.803762,137,53
50:13.2,SGP-M1,5G-NR,-87.6,-11.7,29.886,30.673,1.297786,103.803861,137,53
50:13.8,SGP-M1,5G-NR,-80.5,-10.7,27.852,29.72,1.297743,103.80391,98,53
50:14.3,SGP-M1,5G-NR,-79.8,-10.6,32.055,30.797,1.2977,103.803959,98,53
50:14.8,SGP-M1,5G-NR,-79.2,-10.7,29.775,30.356,1.297656,103.804008,98,52
50:15.3,SGP-M1,5G-NR,-78.3,-10.5,29.876,30.42,1.297611,103.804056,98,52
50:16.0,SGP-M1,5G-NR,-81,-10.6,29.932,30.192,1.297611,103.804056,98,52
50:16.5,SGP-M1,5G-NR,-80.2,-10.5,29.787,30.94,1.297522,103.804153,98,52
50:17.0,SGP-M1,5G-NR,-73.5,-10.4,30.25,31.396,1.297476,103.8042,98,51
50:17.5,SGP-M1,5G-NR,-77.2,-10.4,2.397,17.195,1.29743,103.804247,98,51
50:18.0,SGP-M1,5G-NR,-80.9,-10.5,29.847,17.119,1.297336,103.804345,98,54
50:18.5,SGP-M1,5G-NR,-81.1,-10.6,29.865,30.977,1.297292,103.804391,98,52
50:19.0,SGP-M1,5G-NR,-78.1,-10.6,29.877,30.432,1.297248,103.804436,98,50
50:19.8,SGP-M1,5G-NR,-80,-10.6,29.869,30.432,1.297248,103.804436,98,50
50:20.3,SGP-M1,5G-NR,-80.1,-10.9,29.935,30.86,1.297152,103.804525,98,50
50:20.8,SGP-M1,5G-NR,-79.4,-11,29.953,30.607,1.297107,103.804565,98,48
50:21.3,SGP-M1,5G-NR,-79.6,-10.7,29.871,30.857,1.297062,103.804605,98,47
50:21.8,SGP-M1,5G-NR,-74.5,-10.7,29.903,30.532,1.297016,103.804642,98,46
50:22.3,SGP-M1,5G-NR,-77.2,-11,29.82,30.77,1.29697,103.804679,98,46
50:22.8,SGP-M1,5G-NR,-79.9,-11.3,29.947,31.163,1.29697,103.804679,98,46
50:23.3,SGP-M1,5G-NR,-81,-10.8,29.9,30.294,1.296881,103.804748,98,44
50:23.8,SGP-M1,5G-NR,-84.9,-10.8,29.775,30.294,1.296839,103.80478,98,43
50:24.3,SGP-M1,5G-NR,-86.8,-10.7,29.976,31.461,1.296797,103.804812,98,42
50:24.8,SGP-M1,5G-NR,-85.7,-10.5,29.88,29.783,1.296797,103.804812,98,42
50:25.3,SGP-M1,5G-NR,-86.7,-10.5,29.923,21.616,1.296712,103.804874,98,41
50:25.8,SGP-M1,5G-NR,-78.9,-10.8,29.876,39.297,1.296669,103.804905,137,41
50:26.3,SGP-M1,5G-NR,-84.4,-12,29.827,30.304,1.296625,103.804936,137,41
50:27.0,SGP-M1,5G-NR,-85.9,-11.4,29.934,30.305,1.296625,103.804936,137,41
50:27.5,SGP-M1,5G-NR,-78.7,-10.5,28.212,27.758,1.296537,103.804995,137,41
50:28.0,SGP-M1,5G-NR,-89,-11.7,5.694,14.36,1.296496,103.805022,137,40
50:28.5,SGP-M1,5G-NR,-90.4,-11.8,29.529,21.677,1.296454,103.805048,137,40
50:29.0,SGP-M1,5G-NR,-95.5,-13.2,17.3,19.465,1.296454,103.805048,137,40
50:29.5,SGP-M1,5G-NR,-81.5,-10.4,42.418,32.693,1.29637,103.805102,98,39
50:30.0,SGP-M1,5G-NR,-74.6,-10.4,29.957,38.687,1.29633,103.80513,98,39
50:30.5,SGP-M1,5G-NR,-74.7,-10.4,29.833,30.652,1.29629,103.805158,98,39
50:31.0,SGP-M1,5G-NR,-81.3,-10.4,29.84,30.259,1.296206,103.805213,98,39
50:31.8,SGP-M1,5G-NR,-67.1,-10.3,29.995,31.763,1.296206,103.805213,98,39
50:32.3,SGP-M1,5G-NR,-67.7,-10.4,29.863,29.923,1.296121,103.805272,98,40
50:32.8,SGP-M1,5G-NR,-79.4,-10.4,29.863,29.662,1.296078,103.805299,98,40
50:33.3,SGP-M1,5G-NR,-73.4,-10.4,29.905,31.248,1.296035,103.805326,98,40
50:33.8,SGP-M1,5G-NR,-73.6,-10.4,29.803,29.792,1.295991,103.805353,98,40
50:34.3,SGP-M1,5G-NR,-73.7,-10.3,29.918,30.922,1.295947,103.80538,98,41
50:34.8,SGP-M1,5G-NR,-84.3,-10.6,29.919,24.006,1.295903,103.80541,98,41
50:35.3,SGP-M1,5G-NR,-88,-10.8,28.729,28.773,1.295859,103.805439,98,41
50:35.8,SGP-M1,5G-NR,-86.7,-10.7,30.976,34.768,1.295812,103.805467,98,41
50:36.3,SGP-M1,5G-NR,-83.7,-10.5,29.892,32.331,1.295765,103.805495,98,42
50:36.8,SGP-M1,5G-NR,-75.2,-10.4,29.941,30.404,1.295717,103.805525,98,42
50:37.2,SGP-M1,5G-NR,-78.6,-10.4,29.841,30.404,1.295669,103.805555,98,43
50:37.8,SGP-M1,5G-NR,-82.2,-10.6,29.86,29.901,1.295669,103.805555,98,43
50:38.3,SGP-M1,5G-NR,-77.5,-10.4,24.638,5.895,1.295574,103.80561,98,44
50:38.9,SGP-M1,5G-NR,-82.9,-10.5,9.083,28.195,1.295525,103.805643,98,44
50:39.4,SGP-M1,5G-NR,-92,-11.8,30.06,31.283,1.295476,103.805676,98,44
50:40.0,SGP-M1,5G-NR,-91.8,-13.4,29.852,29.602,1.295476,103.805676,98,44
50:40.5,SGP-M1,5G-NR,-84,-11.6,29.884,29.576,1.295375,103.805733,98,45
50:41.0,SGP-M1,5G-NR,-92.2,-12.8,29.904,31.664,1.295273,103.805794,98,46
50:41.5,SGP-M1,5G-NR,-96,-13.3,18.355,19.604,1.295273,103.805794,98,46
50:42.0,SGP-M1,5G-NR,-91.7,-11,41.495,30.302,1.295224,103.805829,97,46
50:42.5,SGP-M1,5G-NR,-89,-10.8,29.904,43.003,1.295175,103.805864,97,47
50:43.0,SGP-M1,5G-NR,-86.5,-10.6,29.814,30.787,1.295126,103.805896,97,47
50:43.5,SGP-M1,5G-NR,-82.6,-10.5,29.927,30.496,1.295077,103.805928,97,47
50:44.0,SGP-M1,5G-NR,-80.5,-10.6,29.838,30.186,1.295026,103.805961,97,47
50:44.4,SGP-M1,5G-NR,-84.2,-10.6,29.838,31.565,1.294974,103.805993,97,48
50:45.0,SGP-M1,5G-NR,-79.2,-10.4,29.831,31.023,1.294974,103.805993,97,48
50:45.5,SGP-M1,5G-NR,-84.5,-10.5,29.934,31.977,1.294873,103.806055,97,47
50:46.0,SGP-M1,5G-NR,-85.4,-10.5,29.984,29.8,1.294873,103.806055,97,47
50:46.5,SGP-M1,5G-NR,-85.3,-10.5,29.919,30.983,1.294781,103.806122,97,47
50:47.0,SGP-M1,5G-NR,-81.3,-10.4,29.883,30.763,1.29473,103.806156,97,47
50:47.5,SGP-M1,5G-NR,-85.4,-10.4,29.866,30.199,1.294678,103.80619,97,47
50:48.0,SGP-M1,5G-NR,-85.1,-10.5,30.132,30.568,1.294629,103.806225,97,46
50:48.5,SGP-M1,5G-NR,-85.8,-10.6,20.451,30.819,1.294579,103.806259,97,46
50:49.0,SGP-M1,5G-NR,-86,-10.6,13.621,5.248,1.294479,103.806326,97,46
50:49.9,SGP-M1,5G-NR,-86.1,-10.5,29.929,30.24,1.294479,103.806326,97,46
50:50.9,SGP-M1,5G-NR,-88.8,-10.6,29.853,29.798,1.294315,103.806439,97,45
50:51.9,SGP-M1,5G-NR,-84.6,-10.6,29.903,30.274,1.294232,103.806496,97,45
50:52.9,SGP-M1,5G-NR,-85.4,-10.5,29.908,30.541,1.29415,103.806552,97,45
50:53.9,SGP-M1,5G-NR,-83.2,-10.4,29.884,29.883,1.294068,103.806609,97,45
50:54.9,SGP-M1,5G-NR,-84.1,-10.4,29.889,30.355,1.293986,103.806665,97,45
50:55.9,SGP-M1,5G-NR,-87.8,-10.5,29.917,29.796,1.293904,103.806722,97,45
50:56.9,SGP-M1,5G-NR,-87.8,-10.5,29.926,29.921,1.293822,103.806778,97,45
50:57.8,SGP-M1,5G-NR,-87.8,-10.8,29.919,30.69,1.293739,103.806835,97,45
50:58.5,SGP-M1,5G-NR,-86.2,-10.7,29.829,29.053,1.293657,103.806891,97,45
50:59.4,SGP-M1,5G-NR,-89,-10.8,16.215,24.226,1.293575,103.806948,97,45
50:59.9,SGP-M1,5G-NR,-90.8,-10.8,17.267,30.654,1.293575,103.806948,97,45
51:00.3,SGP-M1,5G-NR,-90.6,-10.7,29.877,30.654,1.293493,103.807004,97,45
51:00.8,SGP-M1,5G-NR,-90,-10.7,29.786,29.528,1.293493,103.807004,97,45
51:01.4,SGP-M1,5G-NR,-90,-10.9,29.979,29.759,1.293411,103.807061,97,45
51:01.9,SGP-M1,5G-NR,-90.4,-10.9,29.885,26.87,1.293411,103.807061,97,45
51:02.5,SGP-M1,5G-NR,-90.8,-10.7,21.821,22.242,1.293329,103.807117,97,45
51:03.1,SGP-M1,5G-NR,-91.2,-10.5,18.389,18.983,1.293246,103.807174,97,45
51:03.9,SGP-M1,5G-NR,-92.8,-10.7,21.612,21.146,1.293246,103.807174,97,45
51:04.3,SGP-M1,5G-NR,-92.8,-10.6,20.791,22.111,1.293164,103.80723,97,45
51:04.9,SGP-M1,5G-NR,-93.7,-10.8,22.051,22.978,1.293164,103.80723,97,45
51:05.4,SGP-M1,5G-NR,-92.3,-10.6,21.768,26.154,1.293082,103.807287,97,45
51:06.0,SGP-M1,5G-NR,-92.4,-10.8,25.263,27.479,1.293082,103.807287,97,45
51:06.5,SGP-M1,5G-NR,-91.2,-10.6,34.646,30.99,1.293001,103.807368,97,44
51:07.0,SGP-M1,5G-NR,-90.3,-10.6,28.906,31.307,1.292929,103.807442,97,39
51:07.5,SGP-M1,5G-NR,-90.4,-10.7,39.485,39.049,1.292898,103.807478,97,37
51:08.0,SGP-M1,5G-NR,-91,-10.6,52.594,51.907,1.292867,103.807513,97,36
51:08.7,SGP-M1,5G-NR,-86,-10.5,55.975,54.782,1.292867,103.807513,97,36
51:09.2,SGP-M1,5G-NR,-86.3,-10.5,30.342,39.613,1.292814,103.807582,97,34
51:09.7,SGP-M1,5G-NR,-84.7,-10.4,12.762,18.413,1.292788,103.807616,97,34
51:10.2,SGP-M1,5G-NR,-83.8,-10.4,20.326,17.082,1.292762,103.807649,97,34
51:11.0,SGP-M1,5G-NR,-84.4,-10.4,29.882,30.249,1.292762,103.807649,97,34
51:11.5,SGP-M1,5G-NR,-82.6,-10.4,29.923,30.579,1.292709,103.807714,97,33
51:12.0,SGP-M1,5G-NR,-82.6,-10.4,29.861,30.062,1.292649,103.807776,97,34
51:12.5,SGP-M1,5G-NR,-85.1,-10.5,29.929,30.191,1.292649,103.807776,97,34
51:13.0,SGP-M1,5G-NR,-86.4,-10.5,29.821,30.454,1.292626,103.807813,97,35
51:13.5,SGP-M1,5G-NR,-89.3,-10.6,29.975,24.836,1.292603,103.80785,97,36
51:14.0,SGP-M1,5G-NR,-89.6,-10.6,22.506,21.609,1.292577,103.807883,97,35
51:14.5,SGP-M1,5G-NR,-93.4,-10.8,25.741,27.126,1.29255,103.807916,97,34
51:15.0,SGP-M1,5G-NR,-91.9,-10.8,33.536,32.271,1.292523,103.807946,97,33
51:15.5,SGP-M1,5G-NR,-91,-10.9,33.536,28.386,1.292495,103.807976,97,32
51:16.0,SGP-M1,5G-NR,-91.3,-11.2,22.893,24.121,1.292495,103.807976,97,32
51:16.5,SGP-M1,5G-NR,-88.9,-10.9,34.055,32.962,1.292439,103.808034,97,31
51:17.0,SGP-M1,5G-NR,-87.7,-10.6,31.564,32.613,1.292413,103.808063,97,31
51:17.5,SGP-M1,5G-NR,-88.1,-10.6,30.435,32.43,1.292387,103.808092,97,31
51:18.0,SGP-M1,5G-NR,-85.6,-10.6,31.025,29.943,1.292331,103.808153,97,32
51:18.8,SGP-M1,5G-NR,-91.2,-11.3,25.251,24.091,1.292331,103.808153,97,32
51:19.4,SGP-M1,5G-NR,-88.8,-11,27.784,28.294,1.292271,103.808214,97,33
51:20.0,SGP-M1,5G-NR,-85.4,-10.6,30.755,19.457,1.292271,103.808214,97,33
51:20.5,SGP-M1,5G-NR,-86.5,-10.7,8.754,17.294,1.292216,103.80828,97,33
51:21.0,SGP-M1,5G-NR,-90.2,-12,19.628,29.145,1.292187,103.80831,97,33
51:21.5,SGP-M1,5G-NR,-91.9,-12.2,29.885,28.498,1.292158,103.808339,97,33
51:22.0,SGP-M1,5G-NR,-92.3,-13.3,29.945,34.454,1.292158,103.808339,97,33
51:22.5,SGP-M1,5G-NR,-88.2,-11.8,29.995,30.418,1.2921,103.808406,97,35
51:23.0,SGP-M1,5G-NR,-82.8,-10.9,24.082,17.338,1.29207,103.808435,97,34
51:23.5,SGP-M1,5G-NR,-89.9,-12.5,14.09,14.495,1.292039,103.808464,97,33
51:24.0,SGP-M1,5G-NR,-93.3,-16.3,1.386,3.466,1.29201,103.808494,97,33
51:24.5,SGP-M1,5G-NR,-81.8,-11.5,9.737,7.811,1.291981,103.808523,79,33
51:24.9,SGP-M1,5G-NR,-103.8,-22.1,9.737,1.827,1.291981,103.808523,79,33
51:25.4,SGP-M1,5G-NR,-86.9,-10.8,2.079,31.518,1.291923,103.808583,640,32
51:25.9,SGP-M1,5G-NR,-84.1,-10.5,34.977,44.891,1.291893,103.808608,640,31
51:26.5,SGP-M1,5G-NR,-85.6,-10.7,45.709,35.768,1.291862,103.808632,640,31
51:26.9,SGP-M1,5G-NR,-91.1,-12.5,30.962,5.977,1.291833,103.808655,640,30
51:27.4,SGP-M1,5G-NR,-97.1,-14.6,5.601,4.361,1.291803,103.808677,640,30
51:27.9,SGP-M1,5G-NR,-85.9,-11.8,5.25,21.895,1.29175,103.808724,707,30
51:29.0,SGP-M1,5G-NR,-78.4,-10.6,32.632,32.929,1.291698,103.808771,707,30
51:30.0,SGP-M1,5G-NR,-82.9,-10.9,9.97,10.452,1.291645,103.808818,707,30
51:30.9,SGP-M1,5G-NR,-90.8,-12.1,4.552,0.648,1.291592,103.808864,707,30
51:31.5,SGP-M1,5G-NR,-89.1,-11.6,16.937,12.214,1.291539,103.808911,707,30
51:32.2,SGP-M1,5G-NR,-92.4,-13.4,11.824,11.906,1.291487,103.808958,707,30
51:32.8,SGP-M1,5G-NR,-91.4,-13.6,14.161,13.849,1.291487,103.808958,707,30
51:33.3,SGP-M1,5G-NR,-90.4,-13.3,15.384,15.507,1.291434,103.809005,707,30
51:34.0,SGP-M1,5G-NR,-90.7,-13.5,15.464,29.744,1.291434,103.809005,707,30
51:34.5,SGP-M1,5G-NR,-81.3,-10.6,31.855,63.218,1.291389,103.809063,640,30
51:35.0,SGP-M1,5G-NR,-85.4,-10.9,62.808,51.761,1.291373,103.809097,640,30
51:35.5,SGP-M1,5G-NR,-87.4,-11.5,48.917,44.696,1.291356,103.80913,640,30
51:36.0,SGP-M1,5G-NR,-87.8,-11.4,47.245,43.628,1.291339,103.809164,640,30
51:36.5,SGP-M1,5G-NR,-89.1,-12.2,34.397,18.384,1.291322,103.809198,640,31
51:37.0,SGP-M1,5G-NR,-80.7,-10.5,24.187,22.618,1.291322,103.809198,707,31
51:37.5,SGP-M1,5G-NR,-86.5,-11.2,22.166,24.319,1.291294,103.809271,707,30
51:38.0,SGP-M1,5G-NR,-86.2,-11.1,25.485,24.313,1.291291,103.809349,707,30
51:38.7,SGP-M1,5G-NR,-89,-11.6,23.982,25.616,1.291291,103.809349,707,30
51:39.2,SGP-M1,5G-NR,-85.4,-11,25.498,25.608,1.291278,103.809423,707,29
51:39.6,SGP-M1,5G-NR,-82.9,-10.9,46.139,44.071,1.29127,103.809457,707,27
51:40.1,SGP-M1,5G-NR,-72.9,-10.4,24.274,26.46,1.291262,103.80949,706,27
51:40.7,SGP-M1,5G-NR,-69.8,-10.4,54.897,61.642,1.291256,103.809524,706,26
51:41.2,SGP-M1,5G-NR,-70.9,-10.4,24.658,30.041,1.29125,103.809557,706,26
51:42.0,SGP-M1,5G-NR,-76.1,-10.4,9.634,30.412,1.29125,103.809557,706,26
51:42.5,SGP-M1,5G-NR,-82.7,-10.7,29.791,31.051,1.291241,103.809622,706,26
51:43.0,SGP-M1,5G-NR,-79.9,-10.5,29.937,30.026,1.291233,103.809653,706,25
51:43.5,SGP-M1,5G-NR,-82.5,-10.7,29.948,29.853,1.291225,103.809684,706,25
51:44.0,SGP-M1,5G-NR,-84.1,-11.2,29.905,20.358,1.29122,103.80971,706,23
51:44.5,SGP-M1,5G-NR,-89.9,-13.3,25.167,18.048,1.291215,103.809735,706,21
51:44.9,SGP-M1,5G-NR,-93.8,-15.2,18.095,7.129,1.291215,103.809735,706,21
